country,year,reg_4state,sec_reg_name
"Afghanistan",1987,"Central Bank/MoF","Neither"
"Afghanistan",1988,"Central Bank/MoF","Neither"
"Afghanistan",1989,"Central Bank/MoF","Neither"
"Afghanistan",1990,"Central Bank/MoF","Neither"
"Afghanistan",1991,"Central Bank/MoF","Neither"
"Afghanistan",1992,"Central Bank/MoF","Neither"
"Afghanistan",1993,"Central Bank/MoF","Neither"
"Afghanistan",1994,"Central Bank/MoF","Neither"
"Afghanistan",1995,"Central Bank/MoF","Neither"
"Afghanistan",1996,"Central Bank/MoF","Neither"
"Afghanistan",1997,"Central Bank/MoF","Neither"
"Afghanistan",1998,"Central Bank/MoF","Neither"
"Afghanistan",1999,"Central Bank/MoF","Neither"
"Afghanistan",2000,"Central Bank/MoF","Neither"
"Afghanistan",2001,"Central Bank/MoF","Neither"
"Afghanistan",2002,"Central Bank/MoF","Neither"
"Afghanistan",2003,"Central Bank/MoF","Neither"
"Afghanistan",2004,"Central Bank/MoF","Neither"
"Afghanistan",2005,"Central Bank/MoF","Neither"
"Afghanistan",2006,"Central Bank/MoF","Neither"
"Albania",1987,"Central Bank/MoF","Neither"
"Albania",1988,"Central Bank/MoF","Neither"
"Albania",1989,"Central Bank/MoF","Neither"
"Albania",1990,"Central Bank/MoF","Neither"
"Albania",1991,"Central Bank/MoF","Neither"
"Albania",1992,"Central Bank/MoF","Neither"
"Albania",1993,"Central Bank/MoF","Neither"
"Albania",1994,"Central Bank/MoF","Neither"
"Albania",1995,"Central Bank/MoF","Neither"
"Albania",1996,"Central Bank/MoF","Neither"
"Albania",1997,"Central Bank/MoF","Neither"
"Albania",1998,"Central Bank/MoF","Neither"
"Albania",1999,"Central Bank/MoF","Neither"
"Albania",2000,"Central Bank/MoF","Neither"
"Albania",2001,"Central Bank/MoF","Neither"
"Albania",2002,"Central Bank/MoF","Neither"
"Albania",2003,"Central Bank/MoF","Neither"
"Albania",2004,"Central Bank/MoF","Neither"
"Albania",2005,"Central Bank/MoF","Neither"
"Albania",2006,"Central Bank/Multiple Specialised","FSA"
"Argentina",1987,"Central Bank/Multiple Specialised","Neither"
"Argentina",1988,"Central Bank/Multiple Specialised","Neither"
"Argentina",1989,"Central Bank/Multiple Specialised","Neither"
"Argentina",1990,"Central Bank/Multiple Specialised","Neither"
"Argentina",1991,"Central Bank/Multiple Specialised","Neither"
"Argentina",1992,"Central Bank/Multiple Specialised","Neither"
"Argentina",1993,"Central Bank/Multiple Specialised","Neither"
"Argentina",1994,"Central Bank/Multiple Specialised","Neither"
"Argentina",1995,"Central Bank/Multiple Specialised","Neither"
"Argentina",1996,"Central Bank/Multiple Specialised","Neither"
"Argentina",1997,"Central Bank/Multiple Specialised","Neither"
"Argentina",1998,"Central Bank/Multiple Specialised","Neither"
"Argentina",1999,"Central Bank/Multiple Specialised","Neither"
"Argentina",2000,"Central Bank/Multiple Specialised","Neither"
"Argentina",2001,"Central Bank/Multiple Specialised","Neither"
"Argentina",2002,"Central Bank/Multiple Specialised","Neither"
"Argentina",2003,"Central Bank/Multiple Specialised","Neither"
"Argentina",2004,"Central Bank/Multiple Specialised","Neither"
"Argentina",2005,"Central Bank/Multiple Specialised","Neither"
"Argentina",2006,"Central Bank/Multiple Specialised","Neither"
"Australia",1987,"Central Bank/Multiple Specialised","Neither"
"Australia",1988,"Central Bank/Multiple Specialised","Neither"
"Australia",1989,"Central Bank/Multiple Specialised","Neither"
"Australia",1990,"Central Bank/Multiple Specialised","Neither"
"Australia",1991,"Central Bank/Multiple Specialised","Neither"
"Australia",1992,"Central Bank/Multiple Specialised","Neither"
"Australia",1993,"Central Bank/Multiple Specialised","Neither"
"Australia",1994,"Central Bank/Multiple Specialised","Neither"
"Australia",1995,"Central Bank/Multiple Specialised","Neither"
"Australia",1996,"Central Bank/Multiple Specialised","Neither"
"Australia",1997,"Central Bank/Multiple Specialised","Neither"
"Australia",1998,"Multiple Specialised","Neither"
"Australia",1999,"Multiple Specialised","Neither"
"Australia",2000,"Multiple Specialised","Neither"
"Australia",2001,"Multiple Specialised","Neither"
"Australia",2002,"Multiple Specialised","Neither"
"Australia",2003,"Multiple Specialised","Neither"
"Australia",2004,"Multiple Specialised","Neither"
"Australia",2005,"Multiple Specialised","Neither"
"Australia",2006,"Multiple Specialised","Neither"
"Austria",1987,"Central Bank/MoF","Neither"
"Austria",1988,"Central Bank/MoF","Neither"
"Austria",1989,"Central Bank/MoF","Neither"
"Austria",1990,"Central Bank/MoF","Neither"
"Austria",1991,"Central Bank/MoF","Neither"
"Austria",1992,"Central Bank/MoF","Neither"
"Austria",1993,"Central Bank/MoF","Neither"
"Austria",1994,"Central Bank/MoF","Neither"
"Austria",1995,"Central Bank/MoF","Neither"
"Austria",1996,"Central Bank/MoF","Neither"
"Austria",1997,"Central Bank/MoF","Neither"
"Austria",1998,"Central Bank/MoF","Neither"
"Austria",1999,"Central Bank/MoF","Neither"
"Austria",2000,"Central Bank/MoF","Neither"
"Austria",2001,"Central Bank/MoF","Neither"
"Austria",2002,"Single Specialised","FSA"
"Austria",2003,"Single Specialised","FSA"
"Austria",2004,"Single Specialised","FSA"
"Austria",2005,"Single Specialised","FSA"
"Austria",2006,"Single Specialised","FSA"
"Bahamas",1987,"Central Bank/MoF","Neither"
"Bahamas",1988,"Central Bank/MoF","Neither"
"Bahamas",1989,"Central Bank/MoF","Neither"
"Bahamas",1990,"Central Bank/MoF","Neither"
"Bahamas",1991,"Central Bank/MoF","Neither"
"Bahamas",1992,"Central Bank/MoF","Neither"
"Bahamas",1993,"Central Bank/MoF","Neither"
"Bahamas",1994,"Central Bank/MoF","Neither"
"Bahamas",1995,"Central Bank/MoF","Neither"
"Bahamas",1996,"Central Bank/MoF","Neither"
"Bahamas",1997,"Central Bank/MoF","Neither"
"Bahamas",1998,"Central Bank/MoF","Neither"
"Bahamas",1999,"Central Bank/Multiple Specialised","Neither"
"Bahamas",2000,"Central Bank/Multiple Specialised","Neither"
"Bahamas",2001,"Central Bank/Multiple Specialised","Neither"
"Bahamas",2002,"Central Bank/Multiple Specialised","Neither"
"Bahamas",2003,"Central Bank/Multiple Specialised","Neither"
"Bahamas",2004,"Central Bank/Multiple Specialised","Neither"
"Bahamas",2005,"Central Bank/Multiple Specialised","Neither"
"Bahamas",2006,"Central Bank/Multiple Specialised","Neither"
"Bahrain",1987,"Central Bank/MoF","Neither"
"Bahrain",1988,"Central Bank/MoF","Neither"
"Bahrain",1989,"Central Bank/MoF","Neither"
"Bahrain",1990,"Central Bank/MoF","Neither"
"Bahrain",1991,"Central Bank/MoF","Neither"
"Bahrain",1992,"Central Bank/MoF","Neither"
"Bahrain",1993,"Central Bank/MoF","Neither"
"Bahrain",1994,"Central Bank/MoF","Neither"
"Bahrain",1995,"Central Bank/MoF","Neither"
"Bahrain",1996,"Central Bank/MoF","Neither"
"Bahrain",1997,"Central Bank/MoF","Neither"
"Bahrain",1998,"Central Bank/MoF","Neither"
"Bahrain",1999,"Central Bank/MoF","Neither"
"Bahrain",2000,"Central Bank/MoF","Neither"
"Bahrain",2001,"Central Bank/MoF","Neither"
"Bahrain",2002,"Central Bank/MoF","Neither"
"Bahrain",2003,"Central Bank/MoF","Neither"
"Bahrain",2004,"Central Bank/MoF","Neither"
"Bahrain",2005,"Central Bank/MoF","Neither"
"Bahrain",2006,"Central Bank/MoF","Neither"
"Bangladesh",1987,"Central Bank/MoF","Neither"
"Bangladesh",1988,"Central Bank/MoF","Neither"
"Bangladesh",1989,"Central Bank/MoF","Neither"
"Bangladesh",1990,"Central Bank/MoF","Neither"
"Bangladesh",1991,"Central Bank/MoF","Neither"
"Bangladesh",1992,"Central Bank/MoF","Neither"
"Bangladesh",1993,"Central Bank/MoF","SEC"
"Bangladesh",1994,"Central Bank/MoF","SEC"
"Bangladesh",1995,"Central Bank/MoF","SEC"
"Bangladesh",1996,"Central Bank/MoF","SEC"
"Bangladesh",1997,"Central Bank/MoF","SEC"
"Bangladesh",1998,"Central Bank/MoF","SEC"
"Bangladesh",1999,"Central Bank/MoF","SEC"
"Bangladesh",2000,"Central Bank/MoF","SEC"
"Bangladesh",2001,"Central Bank/MoF","SEC"
"Bangladesh",2002,"Central Bank/MoF","SEC"
"Bangladesh",2003,"Central Bank/MoF","SEC"
"Bangladesh",2004,"Central Bank/MoF","SEC"
"Bangladesh",2005,"Central Bank/MoF","SEC"
"Bangladesh",2006,"Central Bank/MoF","SEC"
"Barbados",1987,"Central Bank/MoF","Neither"
"Barbados",1988,"Central Bank/MoF","Neither"
"Barbados",1989,"Central Bank/MoF","Neither"
"Barbados",1990,"Central Bank/MoF","Neither"
"Barbados",1991,"Central Bank/MoF","Neither"
"Barbados",1992,"Central Bank/MoF","Neither"
"Barbados",1993,"Central Bank/MoF","Neither"
"Barbados",1994,"Central Bank/MoF","Neither"
"Barbados",1995,"Central Bank/MoF","Neither"
"Barbados",1996,"Central Bank/MoF","Neither"
"Barbados",1997,"Central Bank/MoF","Neither"
"Barbados",1998,"Central Bank/MoF","Neither"
"Barbados",1999,"Central Bank/MoF","Neither"
"Barbados",2000,"Central Bank/MoF","Neither"
"Barbados",2001,"Central Bank/Multiple Specialised","SEC"
"Barbados",2002,"Central Bank/Multiple Specialised","SEC"
"Barbados",2003,"Central Bank/Multiple Specialised","SEC"
"Barbados",2004,"Central Bank/Multiple Specialised","SEC"
"Barbados",2005,"Central Bank/Multiple Specialised","SEC"
"Barbados",2006,"Central Bank/Multiple Specialised","SEC"
"Belgium",1987,"Multiple Specialised","Neither"
"Belgium",1988,"Multiple Specialised","Neither"
"Belgium",1989,"Multiple Specialised","Neither"
"Belgium",1990,"Multiple Specialised","Neither"
"Belgium",1991,"Multiple Specialised","Neither"
"Belgium",1992,"Multiple Specialised","Neither"
"Belgium",1993,"Multiple Specialised","Neither"
"Belgium",1994,"Multiple Specialised","Neither"
"Belgium",1995,"Multiple Specialised","Neither"
"Belgium",1996,"Multiple Specialised","Neither"
"Belgium",1997,"Multiple Specialised","Neither"
"Belgium",1998,"Multiple Specialised","Neither"
"Belgium",1999,"Multiple Specialised","Neither"
"Belgium",2000,"Multiple Specialised","Neither"
"Belgium",2001,"Multiple Specialised","Neither"
"Belgium",2002,"Single Specialised","Neither"
"Belgium",2003,"Single Specialised","Neither"
"Belgium",2004,"Single Specialised","Neither"
"Belgium",2005,"Single Specialised","Neither"
"Belgium",2006,"Single Specialised","Neither"
"Brazil",1987,"Central Bank/MoF","SEC"
"Brazil",1988,"Central Bank/MoF","SEC"
"Brazil",1989,"Central Bank/MoF","SEC"
"Brazil",1990,"Central Bank/MoF","SEC"
"Brazil",1991,"Central Bank/MoF","SEC"
"Brazil",1992,"Central Bank/MoF","SEC"
"Brazil",1993,"Central Bank/MoF","SEC"
"Brazil",1994,"Central Bank/MoF","SEC"
"Brazil",1995,"Central Bank/MoF","SEC"
"Brazil",1996,"Central Bank/MoF","SEC"
"Brazil",1997,"Central Bank/MoF","SEC"
"Brazil",1998,"Central Bank/MoF","SEC"
"Brazil",1999,"Central Bank/MoF","SEC"
"Brazil",2000,"Central Bank/MoF","SEC"
"Brazil",2001,"Central Bank/MoF","SEC"
"Brazil",2002,"Central Bank/MoF","SEC"
"Brazil",2003,"Central Bank/MoF","SEC"
"Brazil",2004,"Central Bank/MoF","SEC"
"Brazil",2005,"Central Bank/MoF","SEC"
"Brazil",2006,"Central Bank/MoF","SEC"
"Brunei Darussalam",1987,"Central Bank/MoF","Neither"
"Brunei Darussalam",1988,"Central Bank/MoF","Neither"
"Brunei Darussalam",1989,"Central Bank/MoF","Neither"
"Brunei Darussalam",1990,"Central Bank/MoF","Neither"
"Brunei Darussalam",1991,"Central Bank/MoF","Neither"
"Brunei Darussalam",1992,"Central Bank/MoF","Neither"
"Brunei Darussalam",1993,"Central Bank/MoF","Neither"
"Brunei Darussalam",1994,"Central Bank/MoF","Neither"
"Brunei Darussalam",1995,"Central Bank/MoF","Neither"
"Brunei Darussalam",1996,"Central Bank/MoF","Neither"
"Brunei Darussalam",1997,"Central Bank/MoF","Neither"
"Brunei Darussalam",1998,"Central Bank/MoF","Neither"
"Brunei Darussalam",1999,"Central Bank/MoF","Neither"
"Brunei Darussalam",2000,"Central Bank/MoF","Neither"
"Brunei Darussalam",2001,"Central Bank/MoF","Neither"
"Brunei Darussalam",2002,"Central Bank/MoF","Neither"
"Brunei Darussalam",2003,"Central Bank/MoF","Neither"
"Brunei Darussalam",2004,"Central Bank/MoF","Neither"
"Brunei Darussalam",2005,"Central Bank/MoF","Neither"
"Brunei Darussalam",2006,"Central Bank/MoF","Neither"
"Bulgaria",1987,"Central Bank/MoF","Neither"
"Bulgaria",1988,"Central Bank/MoF","Neither"
"Bulgaria",1989,"Central Bank/MoF","Neither"
"Bulgaria",1990,"Central Bank/MoF","Neither"
"Bulgaria",1991,"Central Bank/MoF","Neither"
"Bulgaria",1992,"Central Bank/MoF","Neither"
"Bulgaria",1993,"Central Bank/MoF","Neither"
"Bulgaria",1994,"Central Bank/MoF","Neither"
"Bulgaria",1995,"Central Bank/MoF","Neither"
"Bulgaria",1996,"Central Bank/MoF","Neither"
"Bulgaria",1997,"Central Bank/MoF","Neither"
"Bulgaria",1998,"Central Bank/MoF","Neither"
"Bulgaria",1999,"Central Bank/MoF","Neither"
"Bulgaria",2000,"Central Bank/MoF","Neither"
"Bulgaria",2001,"Central Bank/MoF","Neither"
"Bulgaria",2002,"Central Bank/MoF","Neither"
"Bulgaria",2003,"Central Bank/Multiple Specialised","FSA"
"Bulgaria",2004,"Central Bank/Multiple Specialised","FSA"
"Bulgaria",2005,"Central Bank/Multiple Specialised","FSA"
"Bulgaria",2006,"Central Bank/Multiple Specialised","FSA"
"Canada",1987,"Multiple Specialised","Neither"
"Canada",1988,"Multiple Specialised","Neither"
"Canada",1989,"Multiple Specialised","Neither"
"Canada",1990,"Multiple Specialised","Neither"
"Canada",1991,"Multiple Specialised","Neither"
"Canada",1992,"Multiple Specialised","Neither"
"Canada",1993,"Multiple Specialised","Neither"
"Canada",1994,"Multiple Specialised","Neither"
"Canada",1995,"Multiple Specialised","Neither"
"Canada",1996,"Multiple Specialised","Neither"
"Canada",1997,"Multiple Specialised","Neither"
"Canada",1998,"Multiple Specialised","Neither"
"Canada",1999,"Multiple Specialised","Neither"
"Canada",2000,"Multiple Specialised","Neither"
"Canada",2001,"Multiple Specialised","Neither"
"Canada",2002,"Multiple Specialised","Neither"
"Canada",2003,"Multiple Specialised","Neither"
"Canada",2004,"Multiple Specialised","Neither"
"Canada",2005,"Multiple Specialised","Neither"
"Canada",2006,"Multiple Specialised","Neither"
"Chile",1987,"Multiple Specialised","Neither"
"Chile",1988,"Multiple Specialised","Neither"
"Chile",1989,"Multiple Specialised","Neither"
"Chile",1990,"Multiple Specialised","Neither"
"Chile",1991,"Multiple Specialised","Neither"
"Chile",1992,"Multiple Specialised","Neither"
"Chile",1993,"Multiple Specialised","Neither"
"Chile",1994,"Multiple Specialised","Neither"
"Chile",1995,"Multiple Specialised","Neither"
"Chile",1996,"Multiple Specialised","Neither"
"Chile",1997,"Multiple Specialised","Neither"
"Chile",1998,"Multiple Specialised","Neither"
"Chile",1999,"Multiple Specialised","Neither"
"Chile",2000,"Multiple Specialised","Neither"
"Chile",2001,"Multiple Specialised","Neither"
"Chile",2002,"Multiple Specialised","Neither"
"Chile",2003,"Multiple Specialised","Neither"
"Chile",2004,"Multiple Specialised","Neither"
"Chile",2005,"Multiple Specialised","Neither"
"Chile",2006,"Multiple Specialised","Neither"
"China",1987,"Central Bank/MoF","Neither"
"China",1988,"Central Bank/MoF","Neither"
"China",1989,"Central Bank/MoF","Neither"
"China",1990,"Central Bank/MoF","Neither"
"China",1991,"Central Bank/MoF","Neither"
"China",1992,"Central Bank/MoF","Neither"
"China",1993,"Central Bank/MoF","Neither"
"China",1994,"Central Bank/MoF","Neither"
"China",1995,"Central Bank/MoF","Neither"
"China",1996,"Central Bank/MoF","Neither"
"China",1997,"Central Bank/MoF","Neither"
"China",1998,"Central Bank/MoF","Neither"
"China",1999,"Central Bank/MoF","Neither"
"China",2000,"Central Bank/MoF","Neither"
"China",2001,"Central Bank/MoF","Neither"
"China",2002,"Central Bank/MoF","Neither"
"China",2003,"Central Bank/MoF","Neither"
"China",2004,"Multiple Specialised","Neither"
"China",2005,"Multiple Specialised","Neither"
"China",2006,"Multiple Specialised","Neither"
"Colombia",1987,"Multiple Specialised","Neither"
"Colombia",1988,"Multiple Specialised","Neither"
"Colombia",1989,"Multiple Specialised","Neither"
"Colombia",1990,"Multiple Specialised","Neither"
"Colombia",1991,"Multiple Specialised","Neither"
"Colombia",1992,"Multiple Specialised","Neither"
"Colombia",1993,"Multiple Specialised","Neither"
"Colombia",1994,"Multiple Specialised","Neither"
"Colombia",1995,"Multiple Specialised","Neither"
"Colombia",1996,"Multiple Specialised","Neither"
"Colombia",1997,"Multiple Specialised","Neither"
"Colombia",1998,"Multiple Specialised","Neither"
"Colombia",1999,"Multiple Specialised","Neither"
"Colombia",2000,"Multiple Specialised","Neither"
"Colombia",2001,"Multiple Specialised","Neither"
"Colombia",2002,"Multiple Specialised","Neither"
"Colombia",2003,"Multiple Specialised","Neither"
"Colombia",2004,"Multiple Specialised","Neither"
"Colombia",2005,"Single Specialised","Neither"
"Colombia",2006,"Single Specialised","Neither"
"Croatia",1991,"Central Bank/MoF","Neither"
"Croatia",1992,"Central Bank/MoF","Neither"
"Croatia",1993,"Central Bank/MoF","Neither"
"Croatia",1994,"Central Bank/MoF","Neither"
"Croatia",1995,"Central Bank/MoF","Neither"
"Croatia",1996,"Central Bank/MoF","Neither"
"Croatia",1997,"Central Bank/MoF","Neither"
"Croatia",1998,"Central Bank/MoF","Neither"
"Croatia",1999,"Central Bank/MoF","Neither"
"Croatia",2000,"Central Bank/MoF","Neither"
"Croatia",2001,"Central Bank/MoF","Neither"
"Croatia",2002,"Central Bank/MoF","Neither"
"Croatia",2003,"Central Bank/MoF","Neither"
"Croatia",2004,"Central Bank/MoF","Neither"
"Croatia",2005,"Central Bank/Multiple Specialised","FSA"
"Croatia",2006,"Central Bank/Multiple Specialised","FSA"
"Cyprus",1987,"Central Bank/MoF","Neither"
"Cyprus",1988,"Central Bank/MoF","Neither"
"Cyprus",1989,"Central Bank/MoF","Neither"
"Cyprus",1990,"Central Bank/MoF","Neither"
"Cyprus",1991,"Central Bank/MoF","Neither"
"Cyprus",1992,"Central Bank/MoF","Neither"
"Cyprus",1993,"Central Bank/MoF","Neither"
"Cyprus",1994,"Central Bank/MoF","Neither"
"Cyprus",1995,"Central Bank/MoF","Neither"
"Cyprus",1996,"Central Bank/MoF","Neither"
"Cyprus",1997,"Central Bank/MoF","Neither"
"Cyprus",1998,"Central Bank/MoF","Neither"
"Cyprus",1999,"Central Bank/MoF","Neither"
"Cyprus",2000,"Central Bank/MoF","Neither"
"Cyprus",2001,"Multiple Specialised","SEC"
"Cyprus",2002,"Multiple Specialised","SEC"
"Cyprus",2003,"Multiple Specialised","SEC"
"Cyprus",2004,"Multiple Specialised","SEC"
"Cyprus",2005,"Multiple Specialised","SEC"
"Cyprus",2006,"Multiple Specialised","SEC"
"Czech Republic",1993,"Central Bank/MoF","Neither"
"Czech Republic",1994,"Central Bank/MoF","Neither"
"Czech Republic",1995,"Central Bank/MoF","Neither"
"Czech Republic",1996,"Central Bank/MoF","Neither"
"Czech Republic",1997,"Central Bank/MoF","Neither"
"Czech Republic",1998,"Central Bank/MoF","Neither"
"Czech Republic",1999,"Central Bank/MoF","Neither"
"Czech Republic",2000,"Central Bank/MoF","Neither"
"Czech Republic",2001,"Central Bank/MoF","Neither"
"Czech Republic",2002,"Central Bank/MoF","Neither"
"Czech Republic",2003,"Central Bank/MoF","Neither"
"Czech Republic",2004,"Central Bank/MoF","Neither"
"Czech Republic",2005,"Central Bank/MoF","Neither"
"Czech Republic",2006,"Central Bank/MoF","Neither"
"Denmark",1987,"Multiple Specialised","Neither"
"Denmark",1988,"Single Specialised","FSA"
"Denmark",1989,"Single Specialised","FSA"
"Denmark",1990,"Single Specialised","FSA"
"Denmark",1991,"Single Specialised","FSA"
"Denmark",1992,"Single Specialised","FSA"
"Denmark",1993,"Single Specialised","FSA"
"Denmark",1994,"Single Specialised","FSA"
"Denmark",1995,"Single Specialised","FSA"
"Denmark",1996,"Single Specialised","FSA"
"Denmark",1997,"Single Specialised","FSA"
"Denmark",1998,"Single Specialised","FSA"
"Denmark",1999,"Single Specialised","FSA"
"Denmark",2000,"Single Specialised","FSA"
"Denmark",2001,"Single Specialised","FSA"
"Denmark",2002,"Single Specialised","FSA"
"Denmark",2003,"Single Specialised","FSA"
"Denmark",2004,"Single Specialised","FSA"
"Denmark",2005,"Single Specialised","FSA"
"Denmark",2006,"Single Specialised","FSA"
"Dominican Republic",1987,"Central Bank/Multiple Specialised","Neither"
"Dominican Republic",1988,"Central Bank/Multiple Specialised","Neither"
"Dominican Republic",1989,"Central Bank/Multiple Specialised","Neither"
"Dominican Republic",1990,"Central Bank/Multiple Specialised","Neither"
"Dominican Republic",1991,"Central Bank/Multiple Specialised","Neither"
"Dominican Republic",1992,"Central Bank/Multiple Specialised","Neither"
"Dominican Republic",1993,"Central Bank/Multiple Specialised","Neither"
"Dominican Republic",1994,"Central Bank/Multiple Specialised","Neither"
"Dominican Republic",1995,"Central Bank/Multiple Specialised","Neither"
"Dominican Republic",1996,"Central Bank/Multiple Specialised","Neither"
"Dominican Republic",1997,"Central Bank/Multiple Specialised","Neither"
"Dominican Republic",1998,"Central Bank/Multiple Specialised","Neither"
"Dominican Republic",1999,"Central Bank/Multiple Specialised","Neither"
"Dominican Republic",2000,"Central Bank/Multiple Specialised","Neither"
"Dominican Republic",2001,"Central Bank/Multiple Specialised","Neither"
"Dominican Republic",2002,"Central Bank/Multiple Specialised","Neither"
"Dominican Republic",2003,"Central Bank/Multiple Specialised","Neither"
"Dominican Republic",2004,"Central Bank/Multiple Specialised","Neither"
"Dominican Republic",2005,"Central Bank/Multiple Specialised","Neither"
"Dominican Republic",2006,"Central Bank/Multiple Specialised","Neither"
"Ecuador",1987,"Multiple Specialised","FSA"
"Ecuador",1988,"Multiple Specialised","FSA"
"Ecuador",1989,"Multiple Specialised","FSA"
"Ecuador",1990,"Multiple Specialised","FSA"
"Ecuador",1991,"Multiple Specialised","FSA"
"Ecuador",1992,"Multiple Specialised","FSA"
"Ecuador",1993,"Multiple Specialised","FSA"
"Ecuador",1994,"Multiple Specialised","FSA"
"Ecuador",1995,"Multiple Specialised","FSA"
"Ecuador",1996,"Multiple Specialised","FSA"
"Ecuador",1997,"Multiple Specialised","FSA"
"Ecuador",1998,"Multiple Specialised","FSA"
"Ecuador",1999,"Multiple Specialised","FSA"
"Ecuador",2000,"Multiple Specialised","FSA"
"Ecuador",2001,"Multiple Specialised","FSA"
"Ecuador",2002,"Multiple Specialised","FSA"
"Ecuador",2003,"Multiple Specialised","FSA"
"Ecuador",2004,"Multiple Specialised","FSA"
"Ecuador",2005,"Multiple Specialised","FSA"
"Ecuador",2006,"Multiple Specialised","FSA"
"Egypt",1987,"Multiple Specialised","Neither"
"Egypt",1988,"Multiple Specialised","Neither"
"Egypt",1989,"Multiple Specialised","Neither"
"Egypt",1990,"Multiple Specialised","Neither"
"Egypt",1991,"Multiple Specialised","Neither"
"Egypt",1992,"Multiple Specialised","Neither"
"Egypt",1993,"Multiple Specialised","Neither"
"Egypt",1994,"Multiple Specialised","Neither"
"Egypt",1995,"Multiple Specialised","Neither"
"Egypt",1996,"Multiple Specialised","Neither"
"Egypt",1997,"Multiple Specialised","Neither"
"Egypt",1998,"Multiple Specialised","Neither"
"Egypt",1999,"Multiple Specialised","Neither"
"Egypt",2000,"Multiple Specialised","Neither"
"Egypt",2001,"Multiple Specialised","Neither"
"Egypt",2002,"Multiple Specialised","Neither"
"Egypt",2003,"Multiple Specialised","Neither"
"Egypt",2004,"Multiple Specialised","Neither"
"Egypt",2005,"Multiple Specialised","Neither"
"Egypt",2006,"Multiple Specialised","Neither"
"El Salvador",1987,"Multiple Specialised","Neither"
"El Salvador",1988,"Multiple Specialised","Neither"
"El Salvador",1989,"Multiple Specialised","Neither"
"El Salvador",1990,"Multiple Specialised","Neither"
"El Salvador",1991,"Multiple Specialised","Neither"
"El Salvador",1992,"Multiple Specialised","Neither"
"El Salvador",1993,"Multiple Specialised","Neither"
"El Salvador",1994,"Multiple Specialised","Neither"
"El Salvador",1995,"Multiple Specialised","Neither"
"El Salvador",1996,"Multiple Specialised","Neither"
"El Salvador",1997,"Multiple Specialised","Neither"
"El Salvador",1998,"Multiple Specialised","Neither"
"El Salvador",1999,"Multiple Specialised","Neither"
"El Salvador",2000,"Multiple Specialised","Neither"
"El Salvador",2001,"Multiple Specialised","Neither"
"El Salvador",2002,"Multiple Specialised","Neither"
"El Salvador",2003,"Multiple Specialised","Neither"
"El Salvador",2004,"Multiple Specialised","Neither"
"El Salvador",2005,"Multiple Specialised","Neither"
"El Salvador",2006,"Multiple Specialised","Neither"
"Estonia",1991,"Central Bank/MoF","Neither"
"Estonia",1992,"Central Bank/MoF","Neither"
"Estonia",1993,"Central Bank/MoF","Neither"
"Estonia",1994,"Central Bank/MoF","Neither"
"Estonia",1995,"Central Bank/MoF","Neither"
"Estonia",1996,"Central Bank/MoF","Neither"
"Estonia",1997,"Central Bank/MoF","Neither"
"Estonia",1998,"Multiple Specialised","Neither"
"Estonia",1999,"Multiple Specialised","Neither"
"Estonia",2000,"Multiple Specialised","Neither"
"Estonia",2001,"Multiple Specialised","Neither"
"Estonia",2002,"Single Specialised","FSA"
"Estonia",2003,"Single Specialised","FSA"
"Estonia",2004,"Single Specialised","FSA"
"Estonia",2005,"Single Specialised","FSA"
"Estonia",2006,"Single Specialised","FSA"
"Finland",1987,"Central Bank/MoF","Neither"
"Finland",1988,"Central Bank/MoF","Neither"
"Finland",1989,"Central Bank/MoF","Neither"
"Finland",1990,"Central Bank/MoF","Neither"
"Finland",1991,"Central Bank/MoF","Neither"
"Finland",1992,"Central Bank/MoF","Neither"
"Finland",1993,"Central Bank/MoF","Neither"
"Finland",1994,"Central Bank/MoF","Neither"
"Finland",1995,"Central Bank/MoF","Neither"
"Finland",1996,"Central Bank/MoF","Neither"
"Finland",1997,"Central Bank/MoF","Neither"
"Finland",1998,"Central Bank/MoF","Neither"
"Finland",1999,"Central Bank/MoF","Neither"
"Finland",2000,"Central Bank/MoF","Neither"
"Finland",2001,"Central Bank/MoF","Neither"
"Finland",2002,"Central Bank/MoF","Neither"
"Finland",2003,"Single Specialised","FSA"
"Finland",2004,"Single Specialised","FSA"
"Finland",2005,"Single Specialised","FSA"
"Finland",2006,"Single Specialised","FSA"
"France",1987,"Multiple Specialised","Neither"
"France",1988,"Multiple Specialised","Neither"
"France",1989,"Multiple Specialised","Neither"
"France",1990,"Multiple Specialised","Neither"
"France",1991,"Multiple Specialised","Neither"
"France",1992,"Multiple Specialised","Neither"
"France",1993,"Multiple Specialised","Neither"
"France",1994,"Multiple Specialised","Neither"
"France",1995,"Multiple Specialised","Neither"
"France",1996,"Multiple Specialised","Neither"
"France",1997,"Multiple Specialised","Neither"
"France",1998,"Multiple Specialised","Neither"
"France",1999,"Multiple Specialised","Neither"
"France",2000,"Multiple Specialised","Neither"
"France",2001,"Multiple Specialised","Neither"
"France",2002,"Multiple Specialised","Neither"
"France",2003,"Multiple Specialised","Neither"
"France",2004,"Multiple Specialised","Neither"
"France",2005,"Multiple Specialised","Neither"
"France",2006,"Multiple Specialised","Neither"
"Germany",1987,"Central Bank/Multiple Specialised","Neither"
"Germany",1988,"Central Bank/Multiple Specialised","Neither"
"Germany",1989,"Central Bank/Multiple Specialised","Neither"
"Germany",1990,"Central Bank/Multiple Specialised","Neither"
"Germany",1991,"Central Bank/Multiple Specialised","Neither"
"Germany",1992,"Central Bank/Multiple Specialised","Neither"
"Germany",1993,"Central Bank/Multiple Specialised","Neither"
"Germany",1994,"Central Bank/Multiple Specialised","Neither"
"Germany",1995,"Central Bank/Multiple Specialised","Neither"
"Germany",1996,"Central Bank/Multiple Specialised","Neither"
"Germany",1997,"Central Bank/Multiple Specialised","Neither"
"Germany",1998,"Central Bank/Multiple Specialised","Neither"
"Germany",1999,"Central Bank/Multiple Specialised","Neither"
"Germany",2000,"Central Bank/Multiple Specialised","Neither"
"Germany",2001,"Central Bank/Multiple Specialised","Neither"
"Germany",2002,"Single Specialised","FSA"
"Germany",2003,"Single Specialised","FSA"
"Germany",2004,"Single Specialised","FSA"
"Germany",2005,"Single Specialised","FSA"
"Germany",2006,"Single Specialised","FSA"
"Ghana",1987,"Central Bank/MoF","Neither"
"Ghana",1988,"Central Bank/MoF","Neither"
"Ghana",1989,"Central Bank/MoF","Neither"
"Ghana",1990,"Central Bank/MoF","Neither"
"Ghana",1991,"Central Bank/MoF","Neither"
"Ghana",1992,"Central Bank/MoF","Neither"
"Ghana",1993,"Central Bank/Multiple Specialised","SEC"
"Ghana",1994,"Central Bank/Multiple Specialised","SEC"
"Ghana",1995,"Central Bank/Multiple Specialised","SEC"
"Ghana",1996,"Central Bank/Multiple Specialised","SEC"
"Ghana",1997,"Central Bank/Multiple Specialised","SEC"
"Ghana",1998,"Central Bank/Multiple Specialised","SEC"
"Ghana",1999,"Central Bank/Multiple Specialised","SEC"
"Ghana",2000,"Central Bank/Multiple Specialised","SEC"
"Ghana",2001,"Central Bank/Multiple Specialised","SEC"
"Ghana",2002,"Central Bank/Multiple Specialised","SEC"
"Ghana",2003,"Central Bank/Multiple Specialised","SEC"
"Ghana",2004,"Central Bank/Multiple Specialised","SEC"
"Ghana",2005,"Central Bank/Multiple Specialised","SEC"
"Ghana",2006,"Central Bank/Multiple Specialised","SEC"
"Greece",1987,"Central Bank/MoF","Neither"
"Greece",1988,"Central Bank/MoF","Neither"
"Greece",1989,"Central Bank/MoF","Neither"
"Greece",1990,"Central Bank/MoF","Neither"
"Greece",1991,"Central Bank/MoF","Neither"
"Greece",1992,"Central Bank/MoF","Neither"
"Greece",1993,"Central Bank/MoF","Neither"
"Greece",1994,"Central Bank/MoF","Neither"
"Greece",1995,"Central Bank/MoF","Neither"
"Greece",1996,"Central Bank/MoF","Neither"
"Greece",1997,"Central Bank/MoF","Neither"
"Greece",1998,"Central Bank/MoF","Neither"
"Greece",1999,"Central Bank/MoF","Neither"
"Greece",2000,"Central Bank/MoF","Neither"
"Greece",2001,"Central Bank/MoF","Neither"
"Greece",2002,"Central Bank/MoF","Neither"
"Greece",2003,"Central Bank/MoF","Neither"
"Greece",2004,"Central Bank/MoF","Neither"
"Greece",2005,"Central Bank/MoF","Neither"
"Greece",2006,"Central Bank/MoF","Neither"
"Guatemala",1987,"Multiple Specialised","Neither"
"Guatemala",1988,"Multiple Specialised","Neither"
"Guatemala",1989,"Multiple Specialised","Neither"
"Guatemala",1990,"Multiple Specialised","Neither"
"Guatemala",1991,"Multiple Specialised","Neither"
"Guatemala",1992,"Multiple Specialised","Neither"
"Guatemala",1993,"Multiple Specialised","Neither"
"Guatemala",1994,"Multiple Specialised","Neither"
"Guatemala",1995,"Multiple Specialised","Neither"
"Guatemala",1996,"Multiple Specialised","Neither"
"Guatemala",1997,"Multiple Specialised","Neither"
"Guatemala",1998,"Multiple Specialised","Neither"
"Guatemala",1999,"Multiple Specialised","Neither"
"Guatemala",2000,"Multiple Specialised","Neither"
"Guatemala",2001,"Multiple Specialised","Neither"
"Guatemala",2002,"Multiple Specialised","Neither"
"Guatemala",2003,"Multiple Specialised","Neither"
"Guatemala",2004,"Multiple Specialised","Neither"
"Guatemala",2005,"Multiple Specialised","Neither"
"Guatemala",2006,"Multiple Specialised","Neither"
"Honduras",1987,"Single Specialised","Neither"
"Honduras",1988,"Single Specialised","Neither"
"Honduras",1989,"Single Specialised","Neither"
"Honduras",1990,"Single Specialised","Neither"
"Honduras",1991,"Single Specialised","Neither"
"Honduras",1992,"Single Specialised","Neither"
"Honduras",1993,"Single Specialised","Neither"
"Honduras",1994,"Single Specialised","Neither"
"Honduras",1995,"Single Specialised","Neither"
"Honduras",1996,"Single Specialised","Neither"
"Honduras",1997,"Single Specialised","Neither"
"Honduras",1998,"Single Specialised","Neither"
"Honduras",1999,"Single Specialised","Neither"
"Honduras",2000,"Single Specialised","Neither"
"Honduras",2001,"Single Specialised","Neither"
"Honduras",2002,"Single Specialised","Neither"
"Honduras",2003,"Single Specialised","Neither"
"Honduras",2004,"Single Specialised","Neither"
"Honduras",2005,"Single Specialised","Neither"
"Honduras",2006,"Single Specialised","Neither"
"Hong Kong",1987,"Central Bank/MoF","Neither"
"Hong Kong",1988,"Central Bank/MoF","Neither"
"Hong Kong",1989,"Central Bank/Multiple Specialised","SEC"
"Hong Kong",1990,"Central Bank/Multiple Specialised","SEC"
"Hong Kong",1991,"Central Bank/Multiple Specialised","SEC"
"Hong Kong",1992,"Central Bank/Multiple Specialised","SEC"
"Hong Kong",1993,"Central Bank/Multiple Specialised","SEC"
"Hong Kong",1994,"Central Bank/Multiple Specialised","SEC"
"Hong Kong",1995,"Central Bank/Multiple Specialised","SEC"
"Hong Kong",1996,"Central Bank/Multiple Specialised","SEC"
"Hong Kong",1997,"Central Bank/Multiple Specialised","SEC"
"Hong Kong",1998,"Central Bank/Multiple Specialised","SEC"
"Hong Kong",1999,"Central Bank/Multiple Specialised","SEC"
"Hong Kong",2000,"Central Bank/Multiple Specialised","SEC"
"Hong Kong",2001,"Central Bank/Multiple Specialised","SEC"
"Hong Kong",2002,"Central Bank/Multiple Specialised","SEC"
"Hong Kong",2003,"Central Bank/Multiple Specialised","SEC"
"Hong Kong",2004,"Central Bank/Multiple Specialised","SEC"
"Hong Kong",2005,"Central Bank/Multiple Specialised","SEC"
"Hong Kong",2006,"Central Bank/Multiple Specialised","SEC"
"Hungary",1987,"Multiple Specialised","Neither"
"Hungary",1988,"Multiple Specialised","Neither"
"Hungary",1989,"Multiple Specialised","Neither"
"Hungary",1990,"Multiple Specialised","Neither"
"Hungary",1991,"Multiple Specialised","Neither"
"Hungary",1992,"Multiple Specialised","Neither"
"Hungary",1993,"Multiple Specialised","Neither"
"Hungary",1994,"Multiple Specialised","Neither"
"Hungary",1995,"Multiple Specialised","Neither"
"Hungary",1996,"Multiple Specialised","Neither"
"Hungary",1997,"Multiple Specialised","Neither"
"Hungary",1998,"Multiple Specialised","Neither"
"Hungary",1999,"Multiple Specialised","Neither"
"Hungary",2000,"Single Specialised","FSA"
"Hungary",2001,"Single Specialised","FSA"
"Hungary",2002,"Single Specialised","FSA"
"Hungary",2003,"Single Specialised","FSA"
"Hungary",2004,"Single Specialised","FSA"
"Hungary",2005,"Single Specialised","FSA"
"Hungary",2006,"Single Specialised","FSA"
"Iceland",1987,"Central Bank/MoF","Neither"
"Iceland",1988,"Central Bank/MoF","Neither"
"Iceland",1989,"Central Bank/MoF","Neither"
"Iceland",1990,"Central Bank/MoF","Neither"
"Iceland",1991,"Central Bank/MoF","Neither"
"Iceland",1992,"Central Bank/MoF","Neither"
"Iceland",1993,"Central Bank/MoF","Neither"
"Iceland",1994,"Central Bank/MoF","Neither"
"Iceland",1995,"Central Bank/MoF","Neither"
"Iceland",1996,"Central Bank/MoF","Neither"
"Iceland",1997,"Central Bank/MoF","Neither"
"Iceland",1998,"Single Specialised","FSA"
"Iceland",1999,"Single Specialised","FSA"
"Iceland",2000,"Single Specialised","FSA"
"Iceland",2001,"Single Specialised","FSA"
"Iceland",2002,"Single Specialised","FSA"
"Iceland",2003,"Single Specialised","FSA"
"Iceland",2004,"Single Specialised","FSA"
"Iceland",2005,"Single Specialised","FSA"
"Iceland",2006,"Single Specialised","FSA"
"India",1987,"Central Bank/Multiple Specialised","SEC"
"India",1988,"Central Bank/Multiple Specialised","SEC"
"India",1989,"Central Bank/Multiple Specialised","SEC"
"India",1990,"Central Bank/Multiple Specialised","SEC"
"India",1991,"Central Bank/Multiple Specialised","SEC"
"India",1992,"Central Bank/Multiple Specialised","SEC"
"India",1993,"Central Bank/Multiple Specialised","SEC"
"India",1994,"Central Bank/Multiple Specialised","SEC"
"India",1995,"Central Bank/Multiple Specialised","SEC"
"India",1996,"Central Bank/Multiple Specialised","SEC"
"India",1997,"Central Bank/Multiple Specialised","SEC"
"India",1998,"Central Bank/Multiple Specialised","SEC"
"India",1999,"Central Bank/Multiple Specialised","SEC"
"India",2000,"Central Bank/Multiple Specialised","SEC"
"India",2001,"Central Bank/Multiple Specialised","SEC"
"India",2002,"Central Bank/Multiple Specialised","SEC"
"India",2003,"Central Bank/Multiple Specialised","SEC"
"India",2004,"Central Bank/Multiple Specialised","SEC"
"India",2005,"Central Bank/Multiple Specialised","SEC"
"India",2006,"Central Bank/Multiple Specialised","SEC"
"Indonesia",1987,"Central Bank/MoF","Neither"
"Indonesia",1988,"Central Bank/MoF","Neither"
"Indonesia",1989,"Central Bank/MoF","Neither"
"Indonesia",1990,"Central Bank/MoF","Neither"
"Indonesia",1991,"Central Bank/MoF","Neither"
"Indonesia",1992,"Central Bank/MoF","Neither"
"Indonesia",1993,"Central Bank/MoF","Neither"
"Indonesia",1994,"Central Bank/MoF","Neither"
"Indonesia",1995,"Central Bank/MoF","Neither"
"Indonesia",1996,"Central Bank/MoF","Neither"
"Indonesia",1997,"Central Bank/MoF","Neither"
"Indonesia",1998,"Central Bank/MoF","Neither"
"Indonesia",1999,"Central Bank/MoF","Neither"
"Indonesia",2000,"Central Bank/Multiple Specialised","Neither"
"Indonesia",2001,"Central Bank/Multiple Specialised","Neither"
"Indonesia",2002,"Central Bank/Multiple Specialised","Neither"
"Indonesia",2003,"Central Bank/Multiple Specialised","Neither"
"Indonesia",2004,"Central Bank/Multiple Specialised","Neither"
"Indonesia",2005,"Central Bank/Multiple Specialised","Neither"
"Indonesia",2006,"Central Bank/Multiple Specialised","Neither"
"Ireland",1987,"Central Bank/MoF","Neither"
"Ireland",1988,"Central Bank/MoF","Neither"
"Ireland",1989,"Central Bank/MoF","Neither"
"Ireland",1990,"Central Bank/MoF","Neither"
"Ireland",1991,"Central Bank/MoF","Neither"
"Ireland",1992,"Central Bank/MoF","Neither"
"Ireland",1993,"Central Bank/MoF","Neither"
"Ireland",1994,"Central Bank/MoF","Neither"
"Ireland",1995,"Central Bank/MoF","Neither"
"Ireland",1996,"Central Bank/MoF","Neither"
"Ireland",1997,"Central Bank/MoF","Neither"
"Ireland",1998,"Central Bank/MoF","Neither"
"Ireland",1999,"Central Bank/MoF","Neither"
"Ireland",2000,"Central Bank/MoF","Neither"
"Ireland",2001,"Central Bank/MoF","Neither"
"Ireland",2002,"Central Bank/MoF","Neither"
"Ireland",2003,"Central Bank/MoF","FSA"
"Ireland",2004,"Central Bank/MoF","FSA"
"Ireland",2005,"Central Bank/MoF","FSA"
"Ireland",2006,"Central Bank/MoF","FSA"
"Israel",1987,"Central Bank/Multiple Specialised","Neither"
"Israel",1988,"Central Bank/Multiple Specialised","Neither"
"Israel",1989,"Central Bank/Multiple Specialised","Neither"
"Israel",1990,"Central Bank/Multiple Specialised","Neither"
"Israel",1991,"Central Bank/Multiple Specialised","Neither"
"Israel",1992,"Central Bank/Multiple Specialised","Neither"
"Israel",1993,"Central Bank/Multiple Specialised","Neither"
"Israel",1994,"Central Bank/Multiple Specialised","Neither"
"Israel",1995,"Central Bank/Multiple Specialised","Neither"
"Israel",1996,"Central Bank/Multiple Specialised","Neither"
"Israel",1997,"Central Bank/Multiple Specialised","Neither"
"Israel",1998,"Central Bank/Multiple Specialised","Neither"
"Israel",1999,"Central Bank/Multiple Specialised","Neither"
"Israel",2000,"Central Bank/Multiple Specialised","Neither"
"Israel",2001,"Central Bank/Multiple Specialised","Neither"
"Israel",2002,"Central Bank/Multiple Specialised","Neither"
"Israel",2003,"Central Bank/Multiple Specialised","Neither"
"Israel",2004,"Central Bank/Multiple Specialised","Neither"
"Israel",2005,"Central Bank/Multiple Specialised","Neither"
"Israel",2006,"Central Bank/Multiple Specialised","Neither"
"Italy",1987,"Central Bank/Multiple Specialised","Neither"
"Italy",1988,"Central Bank/Multiple Specialised","Neither"
"Italy",1989,"Central Bank/Multiple Specialised","Neither"
"Italy",1990,"Central Bank/Multiple Specialised","Neither"
"Italy",1991,"Central Bank/Multiple Specialised","Neither"
"Italy",1992,"Central Bank/Multiple Specialised","Neither"
"Italy",1993,"Central Bank/Multiple Specialised","Neither"
"Italy",1994,"Central Bank/Multiple Specialised","Neither"
"Italy",1995,"Central Bank/Multiple Specialised","Neither"
"Italy",1996,"Central Bank/Multiple Specialised","Neither"
"Italy",1997,"Central Bank/Multiple Specialised","Neither"
"Italy",1998,"Central Bank/Multiple Specialised","Neither"
"Italy",1999,"Central Bank/Multiple Specialised","Neither"
"Italy",2000,"Central Bank/Multiple Specialised","Neither"
"Italy",2001,"Central Bank/Multiple Specialised","Neither"
"Italy",2002,"Central Bank/Multiple Specialised","Neither"
"Italy",2003,"Central Bank/Multiple Specialised","Neither"
"Italy",2004,"Central Bank/Multiple Specialised","Neither"
"Italy",2005,"Central Bank/Multiple Specialised","Neither"
"Italy",2006,"Central Bank/Multiple Specialised","Neither"
"Jamaica",1987,"Central Bank/Multiple Specialised","Neither"
"Jamaica",1988,"Central Bank/Multiple Specialised","Neither"
"Jamaica",1989,"Central Bank/Multiple Specialised","Neither"
"Jamaica",1990,"Central Bank/Multiple Specialised","Neither"
"Jamaica",1991,"Central Bank/Multiple Specialised","Neither"
"Jamaica",1992,"Central Bank/Multiple Specialised","Neither"
"Jamaica",1993,"Central Bank/Multiple Specialised","Neither"
"Jamaica",1994,"Central Bank/Multiple Specialised","Neither"
"Jamaica",1995,"Central Bank/Multiple Specialised","Neither"
"Jamaica",1996,"Central Bank/Multiple Specialised","Neither"
"Jamaica",1997,"Central Bank/Multiple Specialised","Neither"
"Jamaica",1998,"Central Bank/Multiple Specialised","Neither"
"Jamaica",1999,"Central Bank/Multiple Specialised","Neither"
"Jamaica",2000,"Central Bank/Multiple Specialised","Neither"
"Jamaica",2001,"Central Bank/Multiple Specialised","FSA"
"Jamaica",2002,"Central Bank/Multiple Specialised","FSA"
"Jamaica",2003,"Central Bank/Multiple Specialised","FSA"
"Jamaica",2004,"Central Bank/Multiple Specialised","FSA"
"Jamaica",2005,"Central Bank/Multiple Specialised","FSA"
"Jamaica",2006,"Central Bank/Multiple Specialised","FSA"
"Japan",1987,"Central Bank/MoF","Neither"
"Japan",1988,"Central Bank/MoF","Neither"
"Japan",1989,"Central Bank/MoF","Neither"
"Japan",1990,"Central Bank/MoF","Neither"
"Japan",1991,"Central Bank/MoF","Neither"
"Japan",1992,"Central Bank/MoF","Neither"
"Japan",1993,"Central Bank/MoF","Neither"
"Japan",1994,"Central Bank/MoF","Neither"
"Japan",1995,"Central Bank/MoF","Neither"
"Japan",1996,"Central Bank/MoF","Neither"
"Japan",1997,"Central Bank/MoF","Neither"
"Japan",1998,"Central Bank/MoF","Neither"
"Japan",1999,"Central Bank/MoF","Neither"
"Japan",2000,"Single Specialised","FSA"
"Japan",2001,"Single Specialised","FSA"
"Japan",2002,"Single Specialised","FSA"
"Japan",2003,"Single Specialised","FSA"
"Japan",2004,"Single Specialised","FSA"
"Japan",2005,"Single Specialised","FSA"
"Japan",2006,"Single Specialised","FSA"
"Jordan",1987,"Central Bank/MoF","Neither"
"Jordan",1988,"Central Bank/MoF","Neither"
"Jordan",1989,"Central Bank/MoF","Neither"
"Jordan",1990,"Central Bank/MoF","Neither"
"Jordan",1991,"Central Bank/MoF","Neither"
"Jordan",1992,"Central Bank/MoF","Neither"
"Jordan",1993,"Central Bank/MoF","Neither"
"Jordan",1994,"Central Bank/MoF","Neither"
"Jordan",1995,"Central Bank/MoF","Neither"
"Jordan",1996,"Central Bank/MoF","Neither"
"Jordan",1997,"Central Bank/Multiple Specialised","SEC"
"Jordan",1998,"Central Bank/Multiple Specialised","SEC"
"Jordan",1999,"Central Bank/Multiple Specialised","SEC"
"Jordan",2000,"Central Bank/Multiple Specialised","SEC"
"Jordan",2001,"Central Bank/Multiple Specialised","SEC"
"Jordan",2002,"Central Bank/Multiple Specialised","SEC"
"Jordan",2003,"Central Bank/Multiple Specialised","SEC"
"Jordan",2004,"Central Bank/Multiple Specialised","SEC"
"Jordan",2005,"Central Bank/Multiple Specialised","SEC"
"Jordan",2006,"Central Bank/Multiple Specialised","SEC"
"Kenya",1987,"Central Bank/MoF","Neither"
"Kenya",1988,"Central Bank/MoF","Neither"
"Kenya",1989,"Central Bank/MoF","Neither"
"Kenya",1990,"Central Bank/MoF","Neither"
"Kenya",1991,"Central Bank/MoF","Neither"
"Kenya",1992,"Central Bank/MoF","Neither"
"Kenya",1993,"Central Bank/MoF","Neither"
"Kenya",1994,"Central Bank/MoF","Neither"
"Kenya",1995,"Central Bank/MoF","Neither"
"Kenya",1996,"Central Bank/MoF","Neither"
"Kenya",1997,"Central Bank/MoF","Neither"
"Kenya",1998,"Central Bank/MoF","Neither"
"Kenya",1999,"Central Bank/MoF","Neither"
"Kenya",2000,"Central Bank/MoF","Neither"
"Kenya",2001,"Central Bank/MoF","Neither"
"Kenya",2002,"Central Bank/MoF","Neither"
"Kenya",2003,"Central Bank/MoF","Neither"
"Kenya",2004,"Central Bank/MoF","Neither"
"Kenya",2005,"Central Bank/MoF","Neither"
"Kenya",2006,"Central Bank/MoF","Neither"
"Korea",1987,"Central Bank/MoF","Neither"
"Korea",1988,"Central Bank/MoF","Neither"
"Korea",1989,"Central Bank/MoF","Neither"
"Korea",1990,"Central Bank/MoF","Neither"
"Korea",1991,"Central Bank/MoF","Neither"
"Korea",1992,"Central Bank/MoF","Neither"
"Korea",1993,"Central Bank/MoF","Neither"
"Korea",1994,"Central Bank/MoF","Neither"
"Korea",1995,"Central Bank/MoF","Neither"
"Korea",1996,"Central Bank/MoF","Neither"
"Korea",1997,"Single Specialised","FSA"
"Korea",1998,"Single Specialised","FSA"
"Korea",1999,"Single Specialised","FSA"
"Korea",2000,"Single Specialised","FSA"
"Korea",2001,"Single Specialised","FSA"
"Korea",2002,"Single Specialised","FSA"
"Korea",2003,"Single Specialised","FSA"
"Korea",2004,"Single Specialised","FSA"
"Korea",2005,"Single Specialised","FSA"
"Korea",2006,"Single Specialised","FSA"
"Latvia",1991,"Central Bank/MoF","Neither"
"Latvia",1992,"Central Bank/MoF","Neither"
"Latvia",1993,"Central Bank/MoF","Neither"
"Latvia",1994,"Central Bank/MoF","Neither"
"Latvia",1995,"Central Bank/MoF","Neither"
"Latvia",1996,"Central Bank/MoF","Neither"
"Latvia",1997,"Central Bank/MoF","Neither"
"Latvia",1998,"Central Bank/MoF","Neither"
"Latvia",1999,"Central Bank/MoF","Neither"
"Latvia",2000,"Central Bank/MoF","Neither"
"Latvia",2001,"Single Specialised","Neither"
"Latvia",2002,"Single Specialised","Neither"
"Latvia",2003,"Single Specialised","Neither"
"Latvia",2004,"Single Specialised","Neither"
"Latvia",2005,"Single Specialised","Neither"
"Latvia",2006,"Single Specialised","Neither"
"Lithuania",1991,"Central Bank/MoF","Neither"
"Lithuania",1992,"Central Bank/MoF","Neither"
"Lithuania",1993,"Central Bank/MoF","Neither"
"Lithuania",1994,"Central Bank/Multiple Specialised","SEC"
"Lithuania",1995,"Central Bank/Multiple Specialised","SEC"
"Lithuania",1996,"Central Bank/Multiple Specialised","SEC"
"Lithuania",1997,"Central Bank/Multiple Specialised","SEC"
"Lithuania",1998,"Central Bank/Multiple Specialised","SEC"
"Lithuania",1999,"Central Bank/Multiple Specialised","SEC"
"Lithuania",2000,"Central Bank/Multiple Specialised","SEC"
"Lithuania",2001,"Central Bank/Multiple Specialised","SEC"
"Lithuania",2002,"Central Bank/Multiple Specialised","SEC"
"Lithuania",2003,"Central Bank/Multiple Specialised","SEC"
"Lithuania",2004,"Central Bank/Multiple Specialised","SEC"
"Lithuania",2005,"Central Bank/Multiple Specialised","SEC"
"Lithuania",2006,"Central Bank/Multiple Specialised","SEC"
"Luxembourg",1987,"Central Bank/MoF","Neither"
"Luxembourg",1988,"Central Bank/MoF","Neither"
"Luxembourg",1989,"Central Bank/MoF","Neither"
"Luxembourg",1990,"Central Bank/MoF","Neither"
"Luxembourg",1991,"Central Bank/MoF","Neither"
"Luxembourg",1992,"Central Bank/MoF","Neither"
"Luxembourg",1993,"Central Bank/MoF","Neither"
"Luxembourg",1994,"Central Bank/MoF","Neither"
"Luxembourg",1995,"Central Bank/MoF","Neither"
"Luxembourg",1996,"Central Bank/MoF","Neither"
"Luxembourg",1997,"Central Bank/MoF","Neither"
"Luxembourg",1998,"Central Bank/MoF","Neither"
"Luxembourg",1999,"Central Bank/MoF","Neither"
"Luxembourg",2000,"Central Bank/MoF","Neither"
"Luxembourg",2001,"Central Bank/MoF","Neither"
"Luxembourg",2002,"Central Bank/MoF","Neither"
"Luxembourg",2003,"Central Bank/MoF","Neither"
"Luxembourg",2004,"Central Bank/MoF","Neither"
"Luxembourg",2005,"Central Bank/MoF","Neither"
"Luxembourg",2006,"Central Bank/MoF","Neither"
"Macedonia",1992,"Central Bank/Multiple Specialised","SEC"
"Macedonia",1993,"Central Bank/Multiple Specialised","SEC"
"Macedonia",1994,"Central Bank/Multiple Specialised","SEC"
"Macedonia",1995,"Central Bank/Multiple Specialised","SEC"
"Macedonia",1996,"Central Bank/Multiple Specialised","SEC"
"Macedonia",1997,"Central Bank/Multiple Specialised","SEC"
"Macedonia",1998,"Central Bank/Multiple Specialised","SEC"
"Macedonia",1999,"Central Bank/Multiple Specialised","SEC"
"Macedonia",2000,"Central Bank/Multiple Specialised","SEC"
"Macedonia",2001,"Central Bank/Multiple Specialised","SEC"
"Macedonia",2002,"Central Bank/Multiple Specialised","SEC"
"Macedonia",2003,"Central Bank/Multiple Specialised","SEC"
"Macedonia",2004,"Central Bank/Multiple Specialised","SEC"
"Macedonia",2005,"Central Bank/Multiple Specialised","SEC"
"Macedonia",2006,"Central Bank/Multiple Specialised","SEC"
"Malawi",1987,"Central Bank/MoF","Neither"
"Malawi",1988,"Central Bank/MoF","Neither"
"Malawi",1989,"Central Bank/MoF","Neither"
"Malawi",1990,"Central Bank/MoF","Neither"
"Malawi",1991,"Central Bank/MoF","Neither"
"Malawi",1992,"Central Bank/MoF","Neither"
"Malawi",1993,"Central Bank/MoF","Neither"
"Malawi",1994,"Central Bank/MoF","Neither"
"Malawi",1995,"Central Bank/MoF","Neither"
"Malawi",1996,"Central Bank/MoF","Neither"
"Malawi",1997,"Central Bank/MoF","Neither"
"Malawi",1998,"Central Bank/MoF","Neither"
"Malawi",1999,"Central Bank/MoF","Neither"
"Malawi",2000,"Central Bank/MoF","Neither"
"Malawi",2001,"Central Bank/MoF","Neither"
"Malawi",2002,"Central Bank/MoF","Neither"
"Malawi",2003,"Central Bank/MoF","Neither"
"Malawi",2004,"Central Bank/MoF","Neither"
"Malawi",2005,"Central Bank/MoF","Neither"
"Malawi",2006,"Central Bank/MoF","Neither"
"Malaysia",1987,"Central Bank/MoF","Neither"
"Malaysia",1988,"Central Bank/MoF","Neither"
"Malaysia",1989,"Central Bank/MoF","Neither"
"Malaysia",1990,"Central Bank/MoF","Neither"
"Malaysia",1991,"Central Bank/MoF","Neither"
"Malaysia",1992,"Central Bank/MoF","Neither"
"Malaysia",1993,"Multiple Specialised","SEC"
"Malaysia",1994,"Multiple Specialised","SEC"
"Malaysia",1995,"Multiple Specialised","SEC"
"Malaysia",1996,"Multiple Specialised","SEC"
"Malaysia",1997,"Multiple Specialised","SEC"
"Malaysia",1998,"Multiple Specialised","SEC"
"Malaysia",1999,"Multiple Specialised","SEC"
"Malaysia",2000,"Multiple Specialised","SEC"
"Malaysia",2001,"Multiple Specialised","SEC"
"Malaysia",2002,"Multiple Specialised","SEC"
"Malaysia",2003,"Multiple Specialised","SEC"
"Malaysia",2004,"Multiple Specialised","SEC"
"Malaysia",2005,"Multiple Specialised","SEC"
"Malaysia",2006,"Multiple Specialised","SEC"
"Malta",1987,"Central Bank/MoF","Neither"
"Malta",1988,"Central Bank/MoF","Neither"
"Malta",1989,"Central Bank/MoF","Neither"
"Malta",1990,"Central Bank/MoF","Neither"
"Malta",1991,"Central Bank/MoF","Neither"
"Malta",1992,"Central Bank/MoF","Neither"
"Malta",1993,"Central Bank/MoF","Neither"
"Malta",1994,"Central Bank/MoF","Neither"
"Malta",1995,"Central Bank/MoF","Neither"
"Malta",1996,"Central Bank/MoF","Neither"
"Malta",1997,"Central Bank/MoF","Neither"
"Malta",1998,"Central Bank/MoF","Neither"
"Malta",1999,"Central Bank/MoF","Neither"
"Malta",2000,"Central Bank/MoF","Neither"
"Malta",2001,"Central Bank/MoF","Neither"
"Malta",2002,"Single Specialised","FSA"
"Malta",2003,"Single Specialised","FSA"
"Malta",2004,"Single Specialised","FSA"
"Malta",2005,"Single Specialised","FSA"
"Malta",2006,"Single Specialised","FSA"
"Mexico",1987,"Multiple Specialised","Neither"
"Mexico",1988,"Multiple Specialised","Neither"
"Mexico",1989,"Multiple Specialised","Neither"
"Mexico",1990,"Multiple Specialised","Neither"
"Mexico",1991,"Multiple Specialised","Neither"
"Mexico",1992,"Multiple Specialised","Neither"
"Mexico",1993,"Multiple Specialised","Neither"
"Mexico",1994,"Multiple Specialised","Neither"
"Mexico",1995,"Multiple Specialised","Neither"
"Mexico",1996,"Multiple Specialised","Neither"
"Mexico",1997,"Multiple Specialised","Neither"
"Mexico",1998,"Multiple Specialised","Neither"
"Mexico",1999,"Single Specialised","Neither"
"Mexico",2000,"Single Specialised","Neither"
"Mexico",2001,"Single Specialised","Neither"
"Mexico",2002,"Single Specialised","Neither"
"Mexico",2003,"Single Specialised","Neither"
"Mexico",2004,"Single Specialised","Neither"
"Mexico",2005,"Single Specialised","Neither"
"Mexico",2006,"Single Specialised","Neither"
"Morocco",1987,"Central Bank/MoF","Neither"
"Morocco",1988,"Central Bank/MoF","Neither"
"Morocco",1989,"Central Bank/MoF","Neither"
"Morocco",1990,"Central Bank/MoF","Neither"
"Morocco",1991,"Central Bank/MoF","Neither"
"Morocco",1992,"Central Bank/MoF","Neither"
"Morocco",1993,"Central Bank/Multiple Specialised","Neither"
"Morocco",1994,"Central Bank/Multiple Specialised","Neither"
"Morocco",1995,"Central Bank/Multiple Specialised","Neither"
"Morocco",1996,"Central Bank/Multiple Specialised","Neither"
"Morocco",1997,"Central Bank/Multiple Specialised","Neither"
"Morocco",1998,"Central Bank/Multiple Specialised","Neither"
"Morocco",1999,"Central Bank/Multiple Specialised","Neither"
"Morocco",2000,"Central Bank/Multiple Specialised","Neither"
"Morocco",2001,"Central Bank/Multiple Specialised","Neither"
"Morocco",2002,"Central Bank/Multiple Specialised","Neither"
"Morocco",2003,"Central Bank/Multiple Specialised","Neither"
"Morocco",2004,"Central Bank/Multiple Specialised","Neither"
"Morocco",2005,"Central Bank/Multiple Specialised","Neither"
"Morocco",2006,"Central Bank/Multiple Specialised","Neither"
"Netherlands",1987,"Central Bank/MoF","Neither"
"Netherlands",1988,"Central Bank/MoF","Neither"
"Netherlands",1989,"Central Bank/MoF","Neither"
"Netherlands",1990,"Central Bank/MoF","Neither"
"Netherlands",1991,"Central Bank/MoF","Neither"
"Netherlands",1992,"Central Bank/MoF","Neither"
"Netherlands",1993,"Central Bank/MoF","Neither"
"Netherlands",1994,"Central Bank/MoF","Neither"
"Netherlands",1995,"Central Bank/MoF","Neither"
"Netherlands",1996,"Central Bank/MoF","Neither"
"Netherlands",1997,"Central Bank/MoF","Neither"
"Netherlands",1998,"Central Bank/MoF","Neither"
"Netherlands",1999,"Central Bank/MoF","Neither"
"Netherlands",2000,"Central Bank/MoF","Neither"
"Netherlands",2001,"Central Bank/MoF","Neither"
"Netherlands",2002,"Multiple Specialised","FSA"
"Netherlands",2003,"Multiple Specialised","FSA"
"Netherlands",2004,"Multiple Specialised","FSA"
"Netherlands",2005,"Multiple Specialised","FSA"
"Netherlands",2006,"Multiple Specialised","FSA"
"New Zealand",1987,"Central Bank/Multiple Specialised","SEC"
"New Zealand",1988,"Central Bank/Multiple Specialised","SEC"
"New Zealand",1989,"Central Bank/Multiple Specialised","SEC"
"New Zealand",1990,"Central Bank/Multiple Specialised","SEC"
"New Zealand",1991,"Central Bank/Multiple Specialised","SEC"
"New Zealand",1992,"Central Bank/Multiple Specialised","SEC"
"New Zealand",1993,"Central Bank/Multiple Specialised","SEC"
"New Zealand",1994,"Central Bank/Multiple Specialised","SEC"
"New Zealand",1995,"Central Bank/Multiple Specialised","SEC"
"New Zealand",1996,"Central Bank/Multiple Specialised","SEC"
"New Zealand",1997,"Central Bank/Multiple Specialised","SEC"
"New Zealand",1998,"Central Bank/Multiple Specialised","SEC"
"New Zealand",1999,"Central Bank/Multiple Specialised","SEC"
"New Zealand",2000,"Central Bank/Multiple Specialised","SEC"
"New Zealand",2001,"Central Bank/Multiple Specialised","SEC"
"New Zealand",2002,"Central Bank/Multiple Specialised","SEC"
"New Zealand",2003,"Central Bank/Multiple Specialised","SEC"
"New Zealand",2004,"Central Bank/Multiple Specialised","SEC"
"New Zealand",2005,"Central Bank/Multiple Specialised","SEC"
"New Zealand",2006,"Central Bank/Multiple Specialised","SEC"
"Nicaragua",1987,"Single Specialised","Neither"
"Nicaragua",1988,"Single Specialised","Neither"
"Nicaragua",1989,"Single Specialised","Neither"
"Nicaragua",1990,"Single Specialised","Neither"
"Nicaragua",1991,"Single Specialised","Neither"
"Nicaragua",1992,"Single Specialised","Neither"
"Nicaragua",1993,"Single Specialised","Neither"
"Nicaragua",1994,"Single Specialised","Neither"
"Nicaragua",1995,"Single Specialised","Neither"
"Nicaragua",1996,"Single Specialised","Neither"
"Nicaragua",1997,"Single Specialised","Neither"
"Nicaragua",1998,"Single Specialised","Neither"
"Nicaragua",1999,"Single Specialised","Neither"
"Nicaragua",2000,"Single Specialised","Neither"
"Nicaragua",2001,"Single Specialised","Neither"
"Nicaragua",2002,"Single Specialised","Neither"
"Nicaragua",2003,"Single Specialised","Neither"
"Nicaragua",2004,"Single Specialised","Neither"
"Nicaragua",2005,"Single Specialised","Neither"
"Nicaragua",2006,"Single Specialised","Neither"
"Nigeria",1987,"Central Bank/Multiple Specialised","SEC"
"Nigeria",1988,"Central Bank/Multiple Specialised","SEC"
"Nigeria",1989,"Central Bank/Multiple Specialised","SEC"
"Nigeria",1990,"Central Bank/Multiple Specialised","SEC"
"Nigeria",1991,"Central Bank/Multiple Specialised","SEC"
"Nigeria",1992,"Central Bank/Multiple Specialised","SEC"
"Nigeria",1993,"Central Bank/Multiple Specialised","SEC"
"Nigeria",1994,"Central Bank/Multiple Specialised","SEC"
"Nigeria",1995,"Central Bank/Multiple Specialised","SEC"
"Nigeria",1996,"Central Bank/Multiple Specialised","SEC"
"Nigeria",1997,"Central Bank/Multiple Specialised","SEC"
"Nigeria",1998,"Central Bank/Multiple Specialised","SEC"
"Nigeria",1999,"Central Bank/Multiple Specialised","SEC"
"Nigeria",2000,"Central Bank/Multiple Specialised","SEC"
"Nigeria",2001,"Central Bank/Multiple Specialised","SEC"
"Nigeria",2002,"Central Bank/Multiple Specialised","SEC"
"Nigeria",2003,"Central Bank/Multiple Specialised","SEC"
"Nigeria",2004,"Central Bank/Multiple Specialised","SEC"
"Nigeria",2005,"Central Bank/Multiple Specialised","SEC"
"Nigeria",2006,"Central Bank/Multiple Specialised","SEC"
"Norway",1987,"Multiple Specialised","Neither"
"Norway",1988,"Multiple Specialised","Neither"
"Norway",1989,"Multiple Specialised","Neither"
"Norway",1990,"Multiple Specialised","Neither"
"Norway",1991,"Multiple Specialised","Neither"
"Norway",1992,"Multiple Specialised","Neither"
"Norway",1993,"Multiple Specialised","Neither"
"Norway",1994,"Multiple Specialised","Neither"
"Norway",1995,"Multiple Specialised","Neither"
"Norway",1996,"Multiple Specialised","Neither"
"Norway",1997,"Multiple Specialised","Neither"
"Norway",1998,"Multiple Specialised","Neither"
"Norway",1999,"Multiple Specialised","Neither"
"Norway",2000,"Multiple Specialised","Neither"
"Norway",2001,"Multiple Specialised","Neither"
"Norway",2002,"Multiple Specialised","Neither"
"Norway",2003,"Single Specialised","FSA"
"Norway",2004,"Single Specialised","FSA"
"Norway",2005,"Single Specialised","FSA"
"Norway",2006,"Single Specialised","FSA"
"Oman",1988,"Central Bank/Multiple Specialised","Neither"
"Oman",1989,"Central Bank/Multiple Specialised","Neither"
"Oman",1990,"Central Bank/Multiple Specialised","Neither"
"Oman",1991,"Central Bank/Multiple Specialised","Neither"
"Oman",1992,"Central Bank/Multiple Specialised","Neither"
"Oman",1993,"Central Bank/Multiple Specialised","Neither"
"Oman",1994,"Central Bank/Multiple Specialised","Neither"
"Oman",1995,"Central Bank/Multiple Specialised","Neither"
"Oman",1996,"Central Bank/Multiple Specialised","Neither"
"Oman",1997,"Central Bank/Multiple Specialised","Neither"
"Oman",1998,"Central Bank/Multiple Specialised","Neither"
"Oman",1999,"Central Bank/Multiple Specialised","Neither"
"Oman",2000,"Central Bank/Multiple Specialised","Neither"
"Oman",2001,"Central Bank/Multiple Specialised","Neither"
"Oman",2002,"Central Bank/Multiple Specialised","Neither"
"Oman",2003,"Central Bank/Multiple Specialised","Neither"
"Oman",2004,"Central Bank/Multiple Specialised","Neither"
"Oman",2005,"Central Bank/Multiple Specialised","Neither"
"Oman",2006,"Central Bank/Multiple Specialised","Neither"
"Peru",1987,"Multiple Specialised","Neither"
"Peru",1988,"Multiple Specialised","Neither"
"Peru",1989,"Multiple Specialised","Neither"
"Peru",1990,"Multiple Specialised","Neither"
"Peru",1991,"Multiple Specialised","Neither"
"Peru",1992,"Multiple Specialised","Neither"
"Peru",1993,"Multiple Specialised","Neither"
"Peru",1994,"Multiple Specialised","Neither"
"Peru",1995,"Multiple Specialised","Neither"
"Peru",1996,"Multiple Specialised","Neither"
"Peru",1997,"Multiple Specialised","Neither"
"Peru",1998,"Multiple Specialised","Neither"
"Peru",1999,"Multiple Specialised","Neither"
"Peru",2000,"Multiple Specialised","Neither"
"Peru",2001,"Multiple Specialised","Neither"
"Peru",2002,"Multiple Specialised","Neither"
"Peru",2003,"Multiple Specialised","Neither"
"Peru",2004,"Multiple Specialised","Neither"
"Peru",2005,"Multiple Specialised","Neither"
"Peru",2006,"Multiple Specialised","Neither"
"Philippines",1987,"Central Bank/Multiple Specialised","SEC"
"Philippines",1988,"Central Bank/Multiple Specialised","SEC"
"Philippines",1989,"Central Bank/Multiple Specialised","SEC"
"Philippines",1990,"Central Bank/Multiple Specialised","SEC"
"Philippines",1991,"Central Bank/Multiple Specialised","SEC"
"Philippines",1992,"Central Bank/Multiple Specialised","SEC"
"Philippines",1993,"Central Bank/Multiple Specialised","SEC"
"Philippines",1994,"Central Bank/Multiple Specialised","SEC"
"Philippines",1995,"Central Bank/Multiple Specialised","SEC"
"Philippines",1996,"Central Bank/Multiple Specialised","SEC"
"Philippines",1997,"Central Bank/Multiple Specialised","SEC"
"Philippines",1998,"Central Bank/Multiple Specialised","SEC"
"Philippines",1999,"Central Bank/Multiple Specialised","SEC"
"Philippines",2000,"Central Bank/Multiple Specialised","SEC"
"Philippines",2001,"Central Bank/Multiple Specialised","SEC"
"Philippines",2002,"Central Bank/Multiple Specialised","SEC"
"Philippines",2003,"Central Bank/Multiple Specialised","SEC"
"Philippines",2004,"Central Bank/Multiple Specialised","SEC"
"Philippines",2005,"Central Bank/Multiple Specialised","SEC"
"Philippines",2006,"Central Bank/Multiple Specialised","SEC"
"Poland",1991,"Central Bank/Multiple Specialised","SEC"
"Poland",1992,"Central Bank/Multiple Specialised","SEC"
"Poland",1993,"Central Bank/Multiple Specialised","SEC"
"Poland",1994,"Central Bank/Multiple Specialised","SEC"
"Poland",1995,"Central Bank/Multiple Specialised","SEC"
"Poland",1996,"Central Bank/Multiple Specialised","SEC"
"Poland",1997,"Central Bank/Multiple Specialised","SEC"
"Poland",1998,"Central Bank/Multiple Specialised","SEC"
"Poland",1999,"Central Bank/Multiple Specialised","SEC"
"Poland",2000,"Central Bank/Multiple Specialised","SEC"
"Poland",2001,"Central Bank/Multiple Specialised","SEC"
"Poland",2002,"Central Bank/Multiple Specialised","SEC"
"Poland",2003,"Central Bank/Multiple Specialised","SEC"
"Poland",2004,"Central Bank/Multiple Specialised","SEC"
"Poland",2005,"Central Bank/Multiple Specialised","SEC"
"Poland",2006,"Single Specialised","FSA"
"Portugal",1987,"Central Bank/MoF","Neither"
"Portugal",1988,"Central Bank/MoF","Neither"
"Portugal",1989,"Central Bank/MoF","Neither"
"Portugal",1990,"Central Bank/MoF","Neither"
"Portugal",1991,"Central Bank/Multiple Specialised","SEC"
"Portugal",1992,"Central Bank/Multiple Specialised","SEC"
"Portugal",1993,"Central Bank/Multiple Specialised","SEC"
"Portugal",1994,"Central Bank/Multiple Specialised","SEC"
"Portugal",1995,"Central Bank/Multiple Specialised","SEC"
"Portugal",1996,"Central Bank/Multiple Specialised","SEC"
"Portugal",1997,"Central Bank/Multiple Specialised","SEC"
"Portugal",1998,"Central Bank/Multiple Specialised","SEC"
"Portugal",1999,"Central Bank/Multiple Specialised","SEC"
"Portugal",2000,"Central Bank/Multiple Specialised","SEC"
"Portugal",2001,"Central Bank/Multiple Specialised","SEC"
"Portugal",2002,"Central Bank/Multiple Specialised","SEC"
"Portugal",2003,"Central Bank/Multiple Specialised","SEC"
"Portugal",2004,"Central Bank/Multiple Specialised","SEC"
"Portugal",2005,"Central Bank/Multiple Specialised","SEC"
"Portugal",2006,"Central Bank/Multiple Specialised","SEC"
"Saudi Arabia",1987,"Central Bank/MoF","Neither"
"Saudi Arabia",1988,"Central Bank/MoF","Neither"
"Saudi Arabia",1989,"Central Bank/MoF","Neither"
"Saudi Arabia",1990,"Central Bank/MoF","Neither"
"Saudi Arabia",1991,"Central Bank/MoF","Neither"
"Saudi Arabia",1992,"Central Bank/MoF","Neither"
"Saudi Arabia",1993,"Central Bank/MoF","Neither"
"Saudi Arabia",1994,"Central Bank/MoF","Neither"
"Saudi Arabia",1995,"Central Bank/MoF","Neither"
"Saudi Arabia",1996,"Central Bank/MoF","Neither"
"Saudi Arabia",1997,"Central Bank/MoF","Neither"
"Saudi Arabia",1998,"Central Bank/MoF","Neither"
"Saudi Arabia",1999,"Central Bank/MoF","Neither"
"Saudi Arabia",2000,"Central Bank/MoF","Neither"
"Saudi Arabia",2001,"Central Bank/MoF","Neither"
"Saudi Arabia",2002,"Central Bank/MoF","Neither"
"Saudi Arabia",2003,"Central Bank/Multiple Specialised","Neither"
"Saudi Arabia",2004,"Central Bank/Multiple Specialised","Neither"
"Saudi Arabia",2005,"Central Bank/Multiple Specialised","Neither"
"Saudi Arabia",2006,"Central Bank/Multiple Specialised","Neither"
"Singapore",1987,"Central Bank/MoF","Neither"
"Singapore",1988,"Central Bank/MoF","Neither"
"Singapore",1989,"Central Bank/MoF","Neither"
"Singapore",1990,"Central Bank/MoF","Neither"
"Singapore",1991,"Central Bank/MoF","Neither"
"Singapore",1992,"Central Bank/MoF","Neither"
"Singapore",1993,"Central Bank/MoF","Neither"
"Singapore",1994,"Central Bank/MoF","Neither"
"Singapore",1995,"Central Bank/MoF","Neither"
"Singapore",1996,"Central Bank/MoF","Neither"
"Singapore",1997,"Central Bank/MoF","Neither"
"Singapore",1998,"Central Bank/MoF","Neither"
"Singapore",1999,"Central Bank/MoF","Neither"
"Singapore",2000,"Central Bank/MoF","Neither"
"Singapore",2001,"Central Bank/MoF","Neither"
"Singapore",2002,"Central Bank/MoF","Neither"
"Singapore",2003,"Central Bank/MoF","Neither"
"Singapore",2004,"Central Bank/MoF","Neither"
"Singapore",2005,"Central Bank/MoF","Neither"
"Singapore",2006,"Central Bank/MoF","Neither"
"Slovak Republic",1993,"Central Bank/Multiple Specialised","Neither"
"Slovak Republic",1994,"Central Bank/Multiple Specialised","Neither"
"Slovak Republic",1995,"Central Bank/Multiple Specialised","Neither"
"Slovak Republic",1996,"Central Bank/Multiple Specialised","Neither"
"Slovak Republic",1997,"Central Bank/Multiple Specialised","Neither"
"Slovak Republic",1998,"Central Bank/Multiple Specialised","Neither"
"Slovak Republic",1999,"Central Bank/Multiple Specialised","Neither"
"Slovak Republic",2000,"Central Bank/Multiple Specialised","Neither"
"Slovak Republic",2001,"Central Bank/Multiple Specialised","Neither"
"Slovak Republic",2002,"Central Bank/Multiple Specialised","Neither"
"Slovak Republic",2003,"Central Bank/Multiple Specialised","Neither"
"Slovak Republic",2004,"Central Bank/Multiple Specialised","Neither"
"Slovak Republic",2005,"Central Bank/Multiple Specialised","Neither"
"Slovak Republic",2006,"Central Bank/MoF","Neither"
"Slovenia",1994,"Central Bank/Multiple Specialised","Neither"
"Slovenia",1995,"Central Bank/Multiple Specialised","Neither"
"Slovenia",1996,"Central Bank/Multiple Specialised","Neither"
"Slovenia",1997,"Central Bank/Multiple Specialised","Neither"
"Slovenia",1998,"Central Bank/Multiple Specialised","Neither"
"Slovenia",1999,"Central Bank/Multiple Specialised","Neither"
"Slovenia",2000,"Central Bank/Multiple Specialised","Neither"
"Slovenia",2001,"Central Bank/Multiple Specialised","Neither"
"Slovenia",2002,"Central Bank/Multiple Specialised","Neither"
"Slovenia",2003,"Central Bank/Multiple Specialised","Neither"
"Slovenia",2004,"Central Bank/Multiple Specialised","Neither"
"Slovenia",2005,"Central Bank/Multiple Specialised","Neither"
"Slovenia",2006,"Central Bank/Multiple Specialised","Neither"
"South Africa",1987,"Central Bank/MoF","Neither"
"South Africa",1988,"Central Bank/MoF","Neither"
"South Africa",1989,"Central Bank/MoF","Neither"
"South Africa",1990,"Central Bank/MoF","Neither"
"South Africa",1991,"Central Bank/Multiple Specialised","FSA"
"South Africa",1992,"Central Bank/Multiple Specialised","FSA"
"South Africa",1993,"Central Bank/Multiple Specialised","FSA"
"South Africa",1994,"Central Bank/Multiple Specialised","FSA"
"South Africa",1995,"Central Bank/Multiple Specialised","FSA"
"South Africa",1996,"Central Bank/Multiple Specialised","FSA"
"South Africa",1997,"Central Bank/Multiple Specialised","FSA"
"South Africa",1998,"Central Bank/Multiple Specialised","FSA"
"South Africa",1999,"Central Bank/Multiple Specialised","FSA"
"South Africa",2000,"Central Bank/Multiple Specialised","FSA"
"South Africa",2001,"Central Bank/Multiple Specialised","FSA"
"South Africa",2002,"Central Bank/Multiple Specialised","FSA"
"South Africa",2003,"Central Bank/Multiple Specialised","FSA"
"South Africa",2004,"Central Bank/Multiple Specialised","FSA"
"South Africa",2005,"Central Bank/Multiple Specialised","FSA"
"South Africa",2006,"Central Bank/Multiple Specialised","FSA"
"Spain",1987,"Central Bank/MoF","Neither"
"Spain",1988,"Central Bank/Multiple Specialised","Neither"
"Spain",1989,"Central Bank/Multiple Specialised","Neither"
"Spain",1990,"Central Bank/Multiple Specialised","Neither"
"Spain",1991,"Central Bank/Multiple Specialised","Neither"
"Spain",1992,"Central Bank/Multiple Specialised","Neither"
"Spain",1993,"Central Bank/Multiple Specialised","Neither"
"Spain",1994,"Central Bank/Multiple Specialised","Neither"
"Spain",1995,"Central Bank/Multiple Specialised","Neither"
"Spain",1996,"Central Bank/Multiple Specialised","Neither"
"Spain",1997,"Central Bank/Multiple Specialised","Neither"
"Spain",1998,"Central Bank/Multiple Specialised","Neither"
"Spain",1999,"Central Bank/Multiple Specialised","Neither"
"Spain",2000,"Central Bank/Multiple Specialised","Neither"
"Spain",2001,"Central Bank/Multiple Specialised","Neither"
"Spain",2002,"Central Bank/Multiple Specialised","Neither"
"Spain",2003,"Central Bank/Multiple Specialised","Neither"
"Spain",2004,"Central Bank/Multiple Specialised","Neither"
"Spain",2005,"Central Bank/Multiple Specialised","Neither"
"Spain",2006,"Central Bank/Multiple Specialised","Neither"
"Sri Lanka",1987,"Central Bank/Multiple Specialised","SEC"
"Sri Lanka",1988,"Central Bank/Multiple Specialised","SEC"
"Sri Lanka",1989,"Central Bank/Multiple Specialised","SEC"
"Sri Lanka",1990,"Central Bank/Multiple Specialised","SEC"
"Sri Lanka",1991,"Central Bank/Multiple Specialised","SEC"
"Sri Lanka",1992,"Central Bank/Multiple Specialised","SEC"
"Sri Lanka",1993,"Central Bank/Multiple Specialised","SEC"
"Sri Lanka",1994,"Central Bank/Multiple Specialised","SEC"
"Sri Lanka",1995,"Central Bank/Multiple Specialised","SEC"
"Sri Lanka",1996,"Central Bank/Multiple Specialised","SEC"
"Sri Lanka",1997,"Central Bank/Multiple Specialised","SEC"
"Sri Lanka",1998,"Central Bank/Multiple Specialised","SEC"
"Sri Lanka",1999,"Central Bank/Multiple Specialised","SEC"
"Sri Lanka",2000,"Central Bank/Multiple Specialised","SEC"
"Sri Lanka",2001,"Central Bank/Multiple Specialised","SEC"
"Sri Lanka",2002,"Central Bank/Multiple Specialised","SEC"
"Sri Lanka",2003,"Central Bank/Multiple Specialised","SEC"
"Sri Lanka",2004,"Central Bank/Multiple Specialised","SEC"
"Sri Lanka",2005,"Central Bank/Multiple Specialised","SEC"
"Sri Lanka",2006,"Central Bank/Multiple Specialised","SEC"
"Sweden",1987,"Multiple Specialised","Neither"
"Sweden",1988,"Multiple Specialised","Neither"
"Sweden",1989,"Multiple Specialised","Neither"
"Sweden",1990,"Multiple Specialised","Neither"
"Sweden",1991,"Single Specialised","Neither"
"Sweden",1992,"Single Specialised","Neither"
"Sweden",1993,"Single Specialised","Neither"
"Sweden",1994,"Single Specialised","Neither"
"Sweden",1995,"Single Specialised","Neither"
"Sweden",1996,"Single Specialised","Neither"
"Sweden",1997,"Single Specialised","Neither"
"Sweden",1998,"Single Specialised","Neither"
"Sweden",1999,"Single Specialised","Neither"
"Sweden",2000,"Single Specialised","Neither"
"Sweden",2001,"Single Specialised","Neither"
"Sweden",2002,"Single Specialised","Neither"
"Sweden",2003,"Single Specialised","Neither"
"Sweden",2004,"Single Specialised","Neither"
"Sweden",2005,"Single Specialised","Neither"
"Sweden",2006,"Single Specialised","Neither"
"Switzerland",1987,"Multiple Specialised","Neither"
"Switzerland",1988,"Multiple Specialised","Neither"
"Switzerland",1989,"Multiple Specialised","Neither"
"Switzerland",1990,"Multiple Specialised","Neither"
"Switzerland",1991,"Multiple Specialised","Neither"
"Switzerland",1992,"Multiple Specialised","Neither"
"Switzerland",1993,"Multiple Specialised","Neither"
"Switzerland",1994,"Multiple Specialised","Neither"
"Switzerland",1995,"Multiple Specialised","Neither"
"Switzerland",1996,"Multiple Specialised","Neither"
"Switzerland",1997,"Multiple Specialised","Neither"
"Switzerland",1998,"Multiple Specialised","Neither"
"Switzerland",1999,"Multiple Specialised","Neither"
"Switzerland",2000,"Multiple Specialised","Neither"
"Switzerland",2001,"Multiple Specialised","Neither"
"Switzerland",2002,"Multiple Specialised","Neither"
"Switzerland",2003,"Multiple Specialised","Neither"
"Switzerland",2004,"Multiple Specialised","Neither"
"Switzerland",2005,"Multiple Specialised","Neither"
"Switzerland",2006,"Multiple Specialised","Neither"
"Taiwan",1987,"Central Bank/MoF","Neither"
"Taiwan",1988,"Central Bank/MoF","Neither"
"Taiwan",1989,"Central Bank/MoF","Neither"
"Taiwan",1990,"Central Bank/MoF","Neither"
"Taiwan",1991,"Central Bank/MoF","Neither"
"Taiwan",1992,"Central Bank/MoF","Neither"
"Taiwan",1993,"Central Bank/MoF","Neither"
"Taiwan",1994,"Central Bank/MoF","Neither"
"Taiwan",1995,"Central Bank/MoF","Neither"
"Taiwan",1996,"Central Bank/MoF","Neither"
"Taiwan",1997,"Central Bank/MoF","Neither"
"Taiwan",1998,"Central Bank/MoF","Neither"
"Taiwan",1999,"Central Bank/MoF","Neither"
"Taiwan",2000,"Central Bank/MoF","Neither"
"Taiwan",2001,"Central Bank/MoF","Neither"
"Taiwan",2002,"Central Bank/MoF","Neither"
"Taiwan",2003,"Central Bank/MoF","Neither"
"Taiwan",2004,"Single Specialised","FSA"
"Taiwan",2005,"Single Specialised","FSA"
"Taiwan",2006,"Single Specialised","FSA"
"Thailand",1987,"Central Bank/MoF","Neither"
"Thailand",1988,"Central Bank/MoF","Neither"
"Thailand",1989,"Central Bank/MoF","Neither"
"Thailand",1990,"Central Bank/MoF","Neither"
"Thailand",1991,"Central Bank/MoF","Neither"
"Thailand",1992,"Central Bank/Multiple Specialised","SEC"
"Thailand",1993,"Central Bank/Multiple Specialised","SEC"
"Thailand",1994,"Central Bank/Multiple Specialised","SEC"
"Thailand",1995,"Central Bank/Multiple Specialised","SEC"
"Thailand",1996,"Central Bank/Multiple Specialised","SEC"
"Thailand",1997,"Central Bank/Multiple Specialised","SEC"
"Thailand",1998,"Central Bank/Multiple Specialised","SEC"
"Thailand",1999,"Central Bank/Multiple Specialised","SEC"
"Thailand",2000,"Central Bank/Multiple Specialised","SEC"
"Thailand",2001,"Central Bank/Multiple Specialised","SEC"
"Thailand",2002,"Central Bank/Multiple Specialised","SEC"
"Thailand",2003,"Central Bank/Multiple Specialised","SEC"
"Thailand",2004,"Central Bank/Multiple Specialised","SEC"
"Thailand",2005,"Central Bank/Multiple Specialised","SEC"
"Thailand",2006,"Central Bank/Multiple Specialised","SEC"
"Turkey",1987,"Central Bank/MoF","Neither"
"Turkey",1988,"Central Bank/MoF","Neither"
"Turkey",1989,"Central Bank/MoF","Neither"
"Turkey",1990,"Central Bank/MoF","Neither"
"Turkey",1991,"Central Bank/MoF","Neither"
"Turkey",1992,"Central Bank/MoF","Neither"
"Turkey",1993,"Central Bank/MoF","Neither"
"Turkey",1994,"Central Bank/MoF","Neither"
"Turkey",1995,"Central Bank/MoF","Neither"
"Turkey",1996,"Central Bank/MoF","Neither"
"Turkey",1997,"Central Bank/MoF","Neither"
"Turkey",1998,"Central Bank/MoF","Neither"
"Turkey",1999,"Central Bank/MoF","Neither"
"Turkey",2000,"Central Bank/MoF","Neither"
"Turkey",2001,"Multiple Specialised","FSA"
"Turkey",2002,"Multiple Specialised","FSA"
"Turkey",2003,"Multiple Specialised","FSA"
"Turkey",2004,"Multiple Specialised","FSA"
"Turkey",2005,"Multiple Specialised","FSA"
"Turkey",2006,"Multiple Specialised","FSA"
"Uganda",1987,"Central Bank/MoF","Neither"
"Uganda",1988,"Central Bank/MoF","Neither"
"Uganda",1989,"Central Bank/MoF","Neither"
"Uganda",1990,"Central Bank/MoF","Neither"
"Uganda",1991,"Central Bank/MoF","Neither"
"Uganda",1992,"Central Bank/MoF","Neither"
"Uganda",1993,"Central Bank/MoF","Neither"
"Uganda",1994,"Central Bank/MoF","Neither"
"Uganda",1995,"Central Bank/MoF","Neither"
"Uganda",1996,"Central Bank/Multiple Specialised","Neither"
"Uganda",1997,"Central Bank/Multiple Specialised","Neither"
"Uganda",1998,"Central Bank/Multiple Specialised","Neither"
"Uganda",1999,"Central Bank/Multiple Specialised","Neither"
"Uganda",2000,"Central Bank/Multiple Specialised","Neither"
"Uganda",2001,"Central Bank/Multiple Specialised","Neither"
"Uganda",2002,"Central Bank/Multiple Specialised","Neither"
"Uganda",2003,"Central Bank/Multiple Specialised","Neither"
"Uganda",2004,"Central Bank/Multiple Specialised","Neither"
"Uganda",2005,"Central Bank/Multiple Specialised","Neither"
"Uganda",2006,"Central Bank/Multiple Specialised","Neither"
"United Arab Emirates",1987,"Central Bank/MoF","Neither"
"United Arab Emirates",1988,"Central Bank/MoF","Neither"
"United Arab Emirates",1989,"Central Bank/MoF","Neither"
"United Arab Emirates",1990,"Central Bank/MoF","Neither"
"United Arab Emirates",1991,"Central Bank/MoF","Neither"
"United Arab Emirates",1992,"Central Bank/MoF","Neither"
"United Arab Emirates",1993,"Central Bank/MoF","Neither"
"United Arab Emirates",1994,"Central Bank/MoF","Neither"
"United Arab Emirates",1995,"Central Bank/MoF","Neither"
"United Arab Emirates",1996,"Central Bank/MoF","Neither"
"United Arab Emirates",1997,"Central Bank/MoF","Neither"
"United Arab Emirates",1998,"Central Bank/MoF","Neither"
"United Arab Emirates",1999,"Central Bank/MoF","Neither"
"United Arab Emirates",2000,"Single Specialised","Neither"
"United Arab Emirates",2001,"Single Specialised","Neither"
"United Arab Emirates",2002,"Single Specialised","Neither"
"United Arab Emirates",2003,"Single Specialised","Neither"
"United Arab Emirates",2004,"Single Specialised","Neither"
"United Arab Emirates",2005,"Single Specialised","Neither"
"United Arab Emirates",2006,"Single Specialised","Neither"
"United Kingdom",1987,"Central Bank/Multiple Specialised","Neither"
"United Kingdom",1988,"Central Bank/Multiple Specialised","Neither"
"United Kingdom",1989,"Central Bank/Multiple Specialised","Neither"
"United Kingdom",1990,"Central Bank/Multiple Specialised","Neither"
"United Kingdom",1991,"Central Bank/Multiple Specialised","Neither"
"United Kingdom",1992,"Central Bank/Multiple Specialised","Neither"
"United Kingdom",1993,"Central Bank/Multiple Specialised","Neither"
"United Kingdom",1994,"Central Bank/Multiple Specialised","Neither"
"United Kingdom",1995,"Central Bank/Multiple Specialised","Neither"
"United Kingdom",1996,"Central Bank/Multiple Specialised","Neither"
"United Kingdom",1997,"Single Specialised","FSA"
"United Kingdom",1998,"Single Specialised","FSA"
"United Kingdom",1999,"Single Specialised","FSA"
"United Kingdom",2000,"Single Specialised","FSA"
"United Kingdom",2001,"Single Specialised","FSA"
"United Kingdom",2002,"Single Specialised","FSA"
"United Kingdom",2003,"Single Specialised","FSA"
"United Kingdom",2004,"Single Specialised","FSA"
"United Kingdom",2005,"Single Specialised","FSA"
"United Kingdom",2006,"Single Specialised","FSA"
"United States",1987,"Central Bank/Multiple Specialised","SEC"
"United States",1988,"Central Bank/Multiple Specialised","SEC"
"United States",1989,"Central Bank/Multiple Specialised","SEC"
"United States",1990,"Central Bank/Multiple Specialised","SEC"
"United States",1991,"Central Bank/Multiple Specialised","SEC"
"United States",1992,"Central Bank/Multiple Specialised","SEC"
"United States",1993,"Central Bank/Multiple Specialised","SEC"
"United States",1994,"Central Bank/Multiple Specialised","SEC"
"United States",1995,"Central Bank/Multiple Specialised","SEC"
"United States",1996,"Central Bank/Multiple Specialised","SEC"
"United States",1997,"Central Bank/Multiple Specialised","SEC"
"United States",1998,"Central Bank/Multiple Specialised","SEC"
"United States",1999,"Central Bank/Multiple Specialised","SEC"
"United States",2000,"Central Bank/Multiple Specialised","SEC"
"United States",2001,"Central Bank/Multiple Specialised","SEC"
"United States",2002,"Central Bank/Multiple Specialised","SEC"
"United States",2003,"Central Bank/Multiple Specialised","SEC"
"United States",2004,"Central Bank/Multiple Specialised","SEC"
"United States",2005,"Central Bank/Multiple Specialised","SEC"
"United States",2006,"Central Bank/Multiple Specialised","SEC"
"Vietnam",1987,"Central Bank/MoF","Neither"
"Vietnam",1988,"Central Bank/MoF","Neither"
"Vietnam",1989,"Central Bank/MoF","Neither"
"Vietnam",1990,"Central Bank/MoF","Neither"
"Vietnam",1991,"Central Bank/MoF","Neither"
"Vietnam",1992,"Central Bank/MoF","Neither"
"Vietnam",1993,"Central Bank/MoF","Neither"
"Vietnam",1994,"Central Bank/MoF","Neither"
"Vietnam",1995,"Central Bank/MoF","Neither"
"Vietnam",1996,"Central Bank/Multiple Specialised","SEC"
"Vietnam",1997,"Central Bank/Multiple Specialised","SEC"
"Vietnam",1998,"Central Bank/Multiple Specialised","SEC"
"Vietnam",1999,"Central Bank/Multiple Specialised","SEC"
"Vietnam",2000,"Central Bank/Multiple Specialised","SEC"
"Vietnam",2001,"Central Bank/Multiple Specialised","SEC"
"Vietnam",2002,"Central Bank/Multiple Specialised","SEC"
"Vietnam",2003,"Central Bank/Multiple Specialised","SEC"
"Vietnam",2004,"Central Bank/Multiple Specialised","SEC"
"Vietnam",2005,"Central Bank/Multiple Specialised","SEC"
"Vietnam",2006,"Central Bank/Multiple Specialised","SEC"
"Zambia",1987,"Central Bank/MoF","Neither"
"Zambia",1988,"Central Bank/MoF","Neither"
"Zambia",1989,"Central Bank/MoF","Neither"
"Zambia",1990,"Central Bank/MoF","Neither"
"Zambia",1991,"Central Bank/MoF","Neither"
"Zambia",1992,"Central Bank/MoF","Neither"
"Zambia",1993,"Central Bank/Multiple Specialised","SEC"
"Zambia",1994,"Central Bank/Multiple Specialised","SEC"
"Zambia",1995,"Central Bank/Multiple Specialised","SEC"
"Zambia",1996,"Central Bank/Multiple Specialised","SEC"
"Zambia",1997,"Central Bank/Multiple Specialised","SEC"
"Zambia",1998,"Central Bank/Multiple Specialised","SEC"
"Zambia",1999,"Central Bank/Multiple Specialised","SEC"
"Zambia",2000,"Central Bank/Multiple Specialised","SEC"
"Zambia",2001,"Central Bank/Multiple Specialised","SEC"
"Zambia",2002,"Central Bank/Multiple Specialised","SEC"
"Zambia",2003,"Central Bank/Multiple Specialised","SEC"
"Zambia",2004,"Central Bank/Multiple Specialised","SEC"
"Zambia",2005,"Central Bank/Multiple Specialised","SEC"
"Zambia",2006,"Central Bank/Multiple Specialised","SEC"
